ISO-10303-21;
HEADER;
/* Generated by software containing ST-Developer
 * from STEP Tools, Inc. (www.steptools.com) 
 */

FILE_DESCRIPTION(
/* description */ (''),
/* implementation_level */ '2;1');

FILE_NAME(
/* name */ 'Split Keyboard.step',
/* time_stamp */ '2026-06-13T20:02:15-05:00',
/* author */ (''),
/* organization */ (''),
/* preprocessor_version */ 'ST-DEVELOPER v20.1',
/* originating_system */ 'Autodesk Translation Framework v15.8.0.0',
/* authorisation */ '');

FILE_SCHEMA (('AUTOMOTIVE_DESIGN { 1 0 10303 214 3 1 1 }'));
ENDSEC;

DATA;
#10=MECHANICAL_DESIGN_GEOMETRIC_PRESENTATION_REPRESENTATION('',(#13,#14),
#4482);
#11=SHAPE_REPRESENTATION_RELATIONSHIP('SRR','None',#4489,#12);
#12=ADVANCED_BREP_SHAPE_REPRESENTATION('',(#15,#16),#4481);
#13=STYLED_ITEM('',(#4498),#15);
#14=STYLED_ITEM('',(#4498),#16);
#15=MANIFOLD_SOLID_BREP('Body1',#2749);
#16=MANIFOLD_SOLID_BREP('Body2',#2750);
#17=PLANE('',#2767);
#18=PLANE('',#2781);
#19=PLANE('',#2786);
#20=PLANE('',#2789);
#21=PLANE('',#2794);
#22=PLANE('',#2797);
#23=PLANE('',#2802);
#24=PLANE('',#2805);
#25=PLANE('',#2808);
#26=PLANE('',#2813);
#27=PLANE('',#2816);
#28=PLANE('',#2817);
#29=PLANE('',#2818);
#30=PLANE('',#2819);
#31=PLANE('',#2820);
#32=PLANE('',#2821);
#33=PLANE('',#2822);
#34=PLANE('',#2823);
#35=PLANE('',#2824);
#36=PLANE('',#2825);
#37=PLANE('',#2826);
#38=PLANE('',#2827);
#39=PLANE('',#2828);
#40=PLANE('',#2829);
#41=PLANE('',#2830);
#42=PLANE('',#2831);
#43=PLANE('',#2832);
#44=PLANE('',#2833);
#45=PLANE('',#2834);
#46=PLANE('',#2835);
#47=PLANE('',#2836);
#48=PLANE('',#2837);
#49=PLANE('',#2838);
#50=PLANE('',#2839);
#51=PLANE('',#2840);
#52=PLANE('',#2841);
#53=PLANE('',#2842);
#54=PLANE('',#2843);
#55=PLANE('',#2844);
#56=PLANE('',#2845);
#57=PLANE('',#2846);
#58=PLANE('',#2847);
#59=PLANE('',#2848);
#60=PLANE('',#2849);
#61=PLANE('',#2850);
#62=PLANE('',#2851);
#63=PLANE('',#2852);
#64=PLANE('',#2853);
#65=PLANE('',#2854);
#66=PLANE('',#2855);
#67=PLANE('',#2856);
#68=PLANE('',#2857);
#69=PLANE('',#2858);
#70=PLANE('',#2859);
#71=PLANE('',#2863);
#72=PLANE('',#2864);
#73=PLANE('',#2880);
#74=PLANE('',#2883);
#75=PLANE('',#2888);
#76=PLANE('',#2891);
#77=PLANE('',#2894);
#78=PLANE('',#2897);
#79=PLANE('',#2900);
#80=PLANE('',#2903);
#81=PLANE('',#2906);
#82=PLANE('',#2909);
#83=PLANE('',#2912);
#84=PLANE('',#2915);
#85=PLANE('',#2916);
#86=PLANE('',#2917);
#87=PLANE('',#2918);
#88=PLANE('',#2919);
#89=PLANE('',#2920);
#90=PLANE('',#2921);
#91=PLANE('',#2922);
#92=PLANE('',#2923);
#93=PLANE('',#2924);
#94=PLANE('',#2925);
#95=PLANE('',#2926);
#96=PLANE('',#2927);
#97=PLANE('',#2928);
#98=PLANE('',#2929);
#99=PLANE('',#2930);
#100=PLANE('',#2931);
#101=PLANE('',#2932);
#102=PLANE('',#2933);
#103=PLANE('',#2934);
#104=PLANE('',#2935);
#105=PLANE('',#2936);
#106=PLANE('',#2937);
#107=PLANE('',#2938);
#108=PLANE('',#2939);
#109=PLANE('',#2940);
#110=PLANE('',#2941);
#111=PLANE('',#2942);
#112=PLANE('',#2943);
#113=PLANE('',#2944);
#114=PLANE('',#2945);
#115=PLANE('',#2946);
#116=PLANE('',#2947);
#117=PLANE('',#2948);
#118=PLANE('',#2949);
#119=PLANE('',#2950);
#120=PLANE('',#2951);
#121=PLANE('',#2952);
#122=PLANE('',#2953);
#123=PLANE('',#2954);
#124=PLANE('',#2955);
#125=FACE_OUTER_BOUND('',#261,.T.);
#126=FACE_OUTER_BOUND('',#262,.T.);
#127=FACE_OUTER_BOUND('',#263,.T.);
#128=FACE_OUTER_BOUND('',#264,.T.);
#129=FACE_OUTER_BOUND('',#265,.T.);
#130=FACE_OUTER_BOUND('',#266,.T.);
#131=FACE_OUTER_BOUND('',#267,.T.);
#132=FACE_OUTER_BOUND('',#268,.T.);
#133=FACE_OUTER_BOUND('',#269,.T.);
#134=FACE_OUTER_BOUND('',#270,.T.);
#135=FACE_OUTER_BOUND('',#271,.T.);
#136=FACE_OUTER_BOUND('',#272,.T.);
#137=FACE_OUTER_BOUND('',#273,.T.);
#138=FACE_OUTER_BOUND('',#274,.T.);
#139=FACE_OUTER_BOUND('',#275,.T.);
#140=FACE_OUTER_BOUND('',#276,.T.);
#141=FACE_OUTER_BOUND('',#277,.T.);
#142=FACE_OUTER_BOUND('',#278,.T.);
#143=FACE_OUTER_BOUND('',#279,.T.);
#144=FACE_OUTER_BOUND('',#280,.T.);
#145=FACE_OUTER_BOUND('',#281,.T.);
#146=FACE_OUTER_BOUND('',#282,.T.);
#147=FACE_OUTER_BOUND('',#283,.T.);
#148=FACE_OUTER_BOUND('',#284,.T.);
#149=FACE_OUTER_BOUND('',#285,.T.);
#150=FACE_OUTER_BOUND('',#286,.T.);
#151=FACE_OUTER_BOUND('',#287,.T.);
#152=FACE_OUTER_BOUND('',#288,.T.);
#153=FACE_OUTER_BOUND('',#289,.T.);
#154=FACE_OUTER_BOUND('',#290,.T.);
#155=FACE_OUTER_BOUND('',#291,.T.);
#156=FACE_OUTER_BOUND('',#292,.T.);
#157=FACE_OUTER_BOUND('',#293,.T.);
#158=FACE_OUTER_BOUND('',#294,.T.);
#159=FACE_OUTER_BOUND('',#295,.T.);
#160=FACE_OUTER_BOUND('',#296,.T.);
#161=FACE_OUTER_BOUND('',#297,.T.);
#162=FACE_OUTER_BOUND('',#298,.T.);
#163=FACE_OUTER_BOUND('',#299,.T.);
#164=FACE_OUTER_BOUND('',#300,.T.);
#165=FACE_OUTER_BOUND('',#301,.T.);
#166=FACE_OUTER_BOUND('',#302,.T.);
#167=FACE_OUTER_BOUND('',#303,.T.);
#168=FACE_OUTER_BOUND('',#304,.T.);
#169=FACE_OUTER_BOUND('',#305,.T.);
#170=FACE_OUTER_BOUND('',#306,.T.);
#171=FACE_OUTER_BOUND('',#307,.T.);
#172=FACE_OUTER_BOUND('',#308,.T.);
#173=FACE_OUTER_BOUND('',#309,.T.);
#174=FACE_OUTER_BOUND('',#310,.T.);
#175=FACE_OUTER_BOUND('',#311,.T.);
#176=FACE_OUTER_BOUND('',#312,.T.);
#177=FACE_OUTER_BOUND('',#313,.T.);
#178=FACE_OUTER_BOUND('',#314,.T.);
#179=FACE_OUTER_BOUND('',#315,.T.);
#180=FACE_OUTER_BOUND('',#316,.T.);
#181=FACE_OUTER_BOUND('',#317,.T.);
#182=FACE_OUTER_BOUND('',#318,.T.);
#183=FACE_OUTER_BOUND('',#319,.T.);
#184=FACE_OUTER_BOUND('',#320,.T.);
#185=FACE_OUTER_BOUND('',#321,.T.);
#186=FACE_OUTER_BOUND('',#322,.T.);
#187=FACE_OUTER_BOUND('',#323,.T.);
#188=FACE_OUTER_BOUND('',#324,.T.);
#189=FACE_OUTER_BOUND('',#325,.T.);
#190=FACE_OUTER_BOUND('',#326,.T.);
#191=FACE_OUTER_BOUND('',#327,.T.);
#192=FACE_OUTER_BOUND('',#328,.T.);
#193=FACE_OUTER_BOUND('',#329,.T.);
#194=FACE_OUTER_BOUND('',#330,.T.);
#195=FACE_OUTER_BOUND('',#331,.T.);
#196=FACE_OUTER_BOUND('',#332,.T.);
#197=FACE_OUTER_BOUND('',#333,.T.);
#198=FACE_OUTER_BOUND('',#334,.T.);
#199=FACE_OUTER_BOUND('',#335,.T.);
#200=FACE_OUTER_BOUND('',#336,.T.);
#201=FACE_OUTER_BOUND('',#337,.T.);
#202=FACE_OUTER_BOUND('',#338,.T.);
#203=FACE_OUTER_BOUND('',#339,.T.);
#204=FACE_OUTER_BOUND('',#340,.T.);
#205=FACE_OUTER_BOUND('',#341,.T.);
#206=FACE_OUTER_BOUND('',#342,.T.);
#207=FACE_OUTER_BOUND('',#343,.T.);
#208=FACE_OUTER_BOUND('',#344,.T.);
#209=FACE_OUTER_BOUND('',#345,.T.);
#210=FACE_OUTER_BOUND('',#346,.T.);
#211=FACE_OUTER_BOUND('',#347,.T.);
#212=FACE_OUTER_BOUND('',#348,.T.);
#213=FACE_OUTER_BOUND('',#349,.T.);
#214=FACE_OUTER_BOUND('',#350,.T.);
#215=FACE_OUTER_BOUND('',#351,.T.);
#216=FACE_OUTER_BOUND('',#352,.T.);
#217=FACE_OUTER_BOUND('',#353,.T.);
#218=FACE_OUTER_BOUND('',#354,.T.);
#219=FACE_OUTER_BOUND('',#355,.T.);
#220=FACE_OUTER_BOUND('',#356,.T.);
#221=FACE_OUTER_BOUND('',#357,.T.);
#222=FACE_OUTER_BOUND('',#358,.T.);
#223=FACE_OUTER_BOUND('',#359,.T.);
#224=FACE_OUTER_BOUND('',#360,.T.);
#225=FACE_OUTER_BOUND('',#361,.T.);
#226=FACE_OUTER_BOUND('',#362,.T.);
#227=FACE_OUTER_BOUND('',#363,.T.);
#228=FACE_OUTER_BOUND('',#364,.T.);
#229=FACE_OUTER_BOUND('',#365,.T.);
#230=FACE_OUTER_BOUND('',#366,.T.);
#231=FACE_OUTER_BOUND('',#367,.T.);
#232=FACE_OUTER_BOUND('',#368,.T.);
#233=FACE_OUTER_BOUND('',#369,.T.);
#234=FACE_OUTER_BOUND('',#370,.T.);
#235=FACE_OUTER_BOUND('',#371,.T.);
#236=FACE_OUTER_BOUND('',#372,.T.);
#237=FACE_OUTER_BOUND('',#373,.T.);
#238=FACE_OUTER_BOUND('',#374,.T.);
#239=FACE_OUTER_BOUND('',#375,.T.);
#240=FACE_OUTER_BOUND('',#376,.T.);
#241=FACE_OUTER_BOUND('',#377,.T.);
#242=FACE_OUTER_BOUND('',#378,.T.);
#243=FACE_OUTER_BOUND('',#379,.T.);
#244=FACE_OUTER_BOUND('',#380,.T.);
#245=FACE_OUTER_BOUND('',#381,.T.);
#246=FACE_OUTER_BOUND('',#382,.T.);
#247=FACE_OUTER_BOUND('',#383,.T.);
#248=FACE_OUTER_BOUND('',#384,.T.);
#249=FACE_OUTER_BOUND('',#385,.T.);
#250=FACE_OUTER_BOUND('',#386,.T.);
#251=FACE_OUTER_BOUND('',#387,.T.);
#252=FACE_OUTER_BOUND('',#388,.T.);
#253=FACE_OUTER_BOUND('',#389,.T.);
#254=FACE_OUTER_BOUND('',#390,.T.);
#255=FACE_OUTER_BOUND('',#391,.T.);
#256=FACE_OUTER_BOUND('',#392,.T.);
#257=FACE_OUTER_BOUND('',#393,.T.);
#258=FACE_OUTER_BOUND('',#394,.T.);
#259=FACE_OUTER_BOUND('',#395,.T.);
#260=FACE_OUTER_BOUND('',#396,.T.);
#261=EDGE_LOOP('',(#1793,#1794,#1795,#1796));
#262=EDGE_LOOP('',(#1797,#1798,#1799,#1800,#1801,#1802,#1803,#1804,#1805,
#1806,#1807,#1808,#1809,#1810,#1811,#1812,#1813,#1814,#1815,#1816,#1817,
#1818,#1819,#1820,#1821,#1822,#1823,#1824,#1825,#1826,#1827,#1828,#1829,
#1830,#1831,#1832,#1833,#1834));
#263=EDGE_LOOP('',(#1835,#1836,#1837,#1838));
#264=EDGE_LOOP('',(#1839,#1840,#1841,#1842));
#265=EDGE_LOOP('',(#1843,#1844,#1845,#1846));
#266=EDGE_LOOP('',(#1847,#1848,#1849,#1850));
#267=EDGE_LOOP('',(#1851,#1852,#1853,#1854));
#268=EDGE_LOOP('',(#1855,#1856,#1857,#1858));
#269=EDGE_LOOP('',(#1859,#1860,#1861,#1862));
#270=EDGE_LOOP('',(#1863,#1864,#1865,#1866));
#271=EDGE_LOOP('',(#1867,#1868,#1869,#1870));
#272=EDGE_LOOP('',(#1871,#1872,#1873,#1874));
#273=EDGE_LOOP('',(#1875,#1876,#1877,#1878));
#274=EDGE_LOOP('',(#1879,#1880,#1881,#1882));
#275=EDGE_LOOP('',(#1883,#1884,#1885,#1886));
#276=EDGE_LOOP('',(#1887,#1888,#1889,#1890));
#277=EDGE_LOOP('',(#1891,#1892,#1893,#1894));
#278=EDGE_LOOP('',(#1895,#1896,#1897,#1898));
#279=EDGE_LOOP('',(#1899,#1900,#1901,#1902));
#280=EDGE_LOOP('',(#1903,#1904,#1905,#1906));
#281=EDGE_LOOP('',(#1907,#1908,#1909,#1910));
#282=EDGE_LOOP('',(#1911,#1912,#1913,#1914));
#283=EDGE_LOOP('',(#1915,#1916,#1917,#1918));
#284=EDGE_LOOP('',(#1919,#1920,#1921,#1922));
#285=EDGE_LOOP('',(#1923,#1924,#1925,#1926));
#286=EDGE_LOOP('',(#1927,#1928,#1929,#1930));
#287=EDGE_LOOP('',(#1931,#1932,#1933,#1934));
#288=EDGE_LOOP('',(#1935,#1936,#1937,#1938));
#289=EDGE_LOOP('',(#1939,#1940,#1941,#1942,#1943,#1944,#1945,#1946));
#290=EDGE_LOOP('',(#1947,#1948,#1949,#1950));
#291=EDGE_LOOP('',(#1951,#1952,#1953,#1954));
#292=EDGE_LOOP('',(#1955,#1956,#1957,#1958));
#293=EDGE_LOOP('',(#1959,#1960,#1961,#1962));
#294=EDGE_LOOP('',(#1963,#1964,#1965,#1966));
#295=EDGE_LOOP('',(#1967,#1968,#1969,#1970));
#296=EDGE_LOOP('',(#1971,#1972,#1973,#1974));
#297=EDGE_LOOP('',(#1975,#1976,#1977,#1978));
#298=EDGE_LOOP('',(#1979,#1980,#1981,#1982));
#299=EDGE_LOOP('',(#1983,#1984,#1985,#1986));
#300=EDGE_LOOP('',(#1987,#1988,#1989,#1990));
#301=EDGE_LOOP('',(#1991,#1992,#1993,#1994));
#302=EDGE_LOOP('',(#1995,#1996,#1997,#1998));
#303=EDGE_LOOP('',(#1999,#2000,#2001,#2002));
#304=EDGE_LOOP('',(#2003,#2004,#2005,#2006));
#305=EDGE_LOOP('',(#2007,#2008,#2009,#2010));
#306=EDGE_LOOP('',(#2011,#2012,#2013,#2014));
#307=EDGE_LOOP('',(#2015,#2016,#2017,#2018));
#308=EDGE_LOOP('',(#2019,#2020,#2021,#2022));
#309=EDGE_LOOP('',(#2023,#2024,#2025,#2026));
#310=EDGE_LOOP('',(#2027,#2028,#2029,#2030));
#311=EDGE_LOOP('',(#2031,#2032,#2033,#2034));
#312=EDGE_LOOP('',(#2035,#2036,#2037,#2038));
#313=EDGE_LOOP('',(#2039,#2040,#2041,#2042));
#314=EDGE_LOOP('',(#2043,#2044,#2045,#2046));
#315=EDGE_LOOP('',(#2047,#2048,#2049,#2050));
#316=EDGE_LOOP('',(#2051,#2052,#2053,#2054));
#317=EDGE_LOOP('',(#2055,#2056,#2057,#2058));
#318=EDGE_LOOP('',(#2059,#2060,#2061,#2062,#2063,#2064,#2065,#2066));
#319=EDGE_LOOP('',(#2067,#2068,#2069,#2070));
#320=EDGE_LOOP('',(#2071,#2072,#2073,#2074));
#321=EDGE_LOOP('',(#2075,#2076,#2077,#2078));
#322=EDGE_LOOP('',(#2079,#2080,#2081,#2082));
#323=EDGE_LOOP('',(#2083,#2084,#2085,#2086));
#324=EDGE_LOOP('',(#2087,#2088,#2089,#2090));
#325=EDGE_LOOP('',(#2091,#2092,#2093,#2094));
#326=EDGE_LOOP('',(#2095,#2096,#2097,#2098));
#327=EDGE_LOOP('',(#2099,#2100,#2101,#2102,#2103,#2104,#2105,#2106,#2107,
#2108,#2109,#2110,#2111,#2112,#2113,#2114,#2115,#2116,#2117,#2118,#2119,
#2120,#2121,#2122,#2123,#2124,#2125,#2126,#2127,#2128,#2129,#2130,#2131,
#2132,#2133,#2134,#2135,#2136,#2137,#2138,#2139,#2140,#2141,#2142,#2143,
#2144,#2145,#2146,#2147,#2148,#2149,#2150,#2151,#2152,#2153,#2154,#2155,
#2156,#2157,#2158,#2159,#2160,#2161,#2162,#2163,#2164));
#328=EDGE_LOOP('',(#2165,#2166,#2167,#2168,#2169,#2170,#2171,#2172,#2173,
#2174,#2175,#2176,#2177,#2178,#2179,#2180,#2181,#2182,#2183,#2184,#2185,
#2186,#2187,#2188));
#329=EDGE_LOOP('',(#2189,#2190,#2191,#2192));
#330=EDGE_LOOP('',(#2193,#2194,#2195,#2196));
#331=EDGE_LOOP('',(#2197,#2198,#2199,#2200,#2201,#2202,#2203,#2204,#2205,
#2206,#2207,#2208,#2209,#2210,#2211,#2212,#2213,#2214,#2215,#2216,#2217,
#2218,#2219,#2220,#2221,#2222,#2223,#2224,#2225,#2226,#2227,#2228,#2229,
#2230,#2231,#2232,#2233,#2234));
#332=EDGE_LOOP('',(#2235,#2236,#2237,#2238));
#333=EDGE_LOOP('',(#2239,#2240,#2241,#2242));
#334=EDGE_LOOP('',(#2243,#2244,#2245,#2246));
#335=EDGE_LOOP('',(#2247,#2248,#2249,#2250));
#336=EDGE_LOOP('',(#2251,#2252,#2253,#2254));
#337=EDGE_LOOP('',(#2255,#2256,#2257,#2258));
#338=EDGE_LOOP('',(#2259,#2260,#2261,#2262));
#339=EDGE_LOOP('',(#2263,#2264,#2265,#2266));
#340=EDGE_LOOP('',(#2267,#2268,#2269,#2270));
#341=EDGE_LOOP('',(#2271,#2272,#2273,#2274));
#342=EDGE_LOOP('',(#2275,#2276,#2277,#2278));
#343=EDGE_LOOP('',(#2279,#2280,#2281,#2282));
#344=EDGE_LOOP('',(#2283,#2284,#2285,#2286));
#345=EDGE_LOOP('',(#2287,#2288,#2289,#2290));
#346=EDGE_LOOP('',(#2291,#2292,#2293,#2294));
#347=EDGE_LOOP('',(#2295,#2296,#2297,#2298));
#348=EDGE_LOOP('',(#2299,#2300,#2301,#2302));
#349=EDGE_LOOP('',(#2303,#2304,#2305,#2306));
#350=EDGE_LOOP('',(#2307,#2308,#2309,#2310));
#351=EDGE_LOOP('',(#2311,#2312,#2313,#2314));
#352=EDGE_LOOP('',(#2315,#2316,#2317,#2318));
#353=EDGE_LOOP('',(#2319,#2320,#2321,#2322));
#354=EDGE_LOOP('',(#2323,#2324,#2325,#2326));
#355=EDGE_LOOP('',(#2327,#2328,#2329,#2330));
#356=EDGE_LOOP('',(#2331,#2332,#2333,#2334));
#357=EDGE_LOOP('',(#2335,#2336,#2337,#2338));
#358=EDGE_LOOP('',(#2339,#2340,#2341,#2342));
#359=EDGE_LOOP('',(#2343,#2344,#2345,#2346,#2347,#2348,#2349,#2350));
#360=EDGE_LOOP('',(#2351,#2352,#2353,#2354));
#361=EDGE_LOOP('',(#2355,#2356,#2357,#2358));
#362=EDGE_LOOP('',(#2359,#2360,#2361,#2362));
#363=EDGE_LOOP('',(#2363,#2364,#2365,#2366));
#364=EDGE_LOOP('',(#2367,#2368,#2369,#2370));
#365=EDGE_LOOP('',(#2371,#2372,#2373,#2374));
#366=EDGE_LOOP('',(#2375,#2376,#2377,#2378));
#367=EDGE_LOOP('',(#2379,#2380,#2381,#2382));
#368=EDGE_LOOP('',(#2383,#2384,#2385,#2386));
#369=EDGE_LOOP('',(#2387,#2388,#2389,#2390));
#370=EDGE_LOOP('',(#2391,#2392,#2393,#2394));
#371=EDGE_LOOP('',(#2395,#2396,#2397,#2398));
#372=EDGE_LOOP('',(#2399,#2400,#2401,#2402));
#373=EDGE_LOOP('',(#2403,#2404,#2405,#2406));
#374=EDGE_LOOP('',(#2407,#2408,#2409,#2410));
#375=EDGE_LOOP('',(#2411,#2412,#2413,#2414));
#376=EDGE_LOOP('',(#2415,#2416,#2417,#2418));
#377=EDGE_LOOP('',(#2419,#2420,#2421,#2422));
#378=EDGE_LOOP('',(#2423,#2424,#2425,#2426));
#379=EDGE_LOOP('',(#2427,#2428,#2429,#2430));
#380=EDGE_LOOP('',(#2431,#2432,#2433,#2434));
#381=EDGE_LOOP('',(#2435,#2436,#2437,#2438));
#382=EDGE_LOOP('',(#2439,#2440,#2441,#2442));
#383=EDGE_LOOP('',(#2443,#2444,#2445,#2446));
#384=EDGE_LOOP('',(#2447,#2448,#2449,#2450));
#385=EDGE_LOOP('',(#2451,#2452,#2453,#2454));
#386=EDGE_LOOP('',(#2455,#2456,#2457,#2458));
#387=EDGE_LOOP('',(#2459,#2460,#2461,#2462));
#388=EDGE_LOOP('',(#2463,#2464,#2465,#2466,#2467,#2468,#2469,#2470));
#389=EDGE_LOOP('',(#2471,#2472,#2473,#2474));
#390=EDGE_LOOP('',(#2475,#2476,#2477,#2478));
#391=EDGE_LOOP('',(#2479,#2480,#2481,#2482));
#392=EDGE_LOOP('',(#2483,#2484,#2485,#2486));
#393=EDGE_LOOP('',(#2487,#2488,#2489,#2490));
#394=EDGE_LOOP('',(#2491,#2492,#2493,#2494));
#395=EDGE_LOOP('',(#2495,#2496,#2497,#2498,#2499,#2500,#2501,#2502,#2503,
#2504,#2505,#2506,#2507,#2508,#2509,#2510,#2511,#2512,#2513,#2514,#2515,
#2516,#2517,#2518,#2519,#2520,#2521,#2522,#2523,#2524,#2525,#2526,#2527,
#2528,#2529,#2530,#2531,#2532,#2533,#2534,#2535,#2536,#2537,#2538,#2539,
#2540,#2541,#2542,#2543,#2544,#2545,#2546,#2547,#2548,#2549,#2550,#2551,
#2552,#2553,#2554,#2555,#2556,#2557,#2558,#2559,#2560));
#396=EDGE_LOOP('',(#2561,#2562,#2563,#2564,#2565,#2566,#2567,#2568,#2569,
#2570,#2571,#2572,#2573,#2574,#2575,#2576,#2577,#2578,#2579,#2580,#2581,
#2582,#2583,#2584));
#397=LINE('',#3688,#737);
#398=LINE('',#3691,#738);
#399=LINE('',#3694,#739);
#400=LINE('',#3698,#740);
#401=LINE('',#3700,#741);
#402=LINE('',#3704,#742);
#403=LINE('',#3706,#743);
#404=LINE('',#3710,#744);
#405=LINE('',#3714,#745);
#406=LINE('',#3716,#746);
#407=LINE('',#3720,#747);
#408=LINE('',#3722,#748);
#409=LINE('',#3726,#749);
#410=LINE('',#3730,#750);
#411=LINE('',#3732,#751);
#412=LINE('',#3736,#752);
#413=LINE('',#3738,#753);
#414=LINE('',#3740,#754);
#415=LINE('',#3744,#755);
#416=LINE('',#3746,#756);
#417=LINE('',#3750,#757);
#418=LINE('',#3754,#758);
#419=LINE('',#3758,#759);
#420=LINE('',#3760,#760);
#421=LINE('',#3764,#761);
#422=LINE('',#3765,#762);
#423=LINE('',#3768,#763);
#424=LINE('',#3769,#764);
#425=LINE('',#3773,#765);
#426=LINE('',#3778,#766);
#427=LINE('',#3779,#767);
#428=LINE('',#3782,#768);
#429=LINE('',#3783,#769);
#430=LINE('',#3788,#770);
#431=LINE('',#3789,#771);
#432=LINE('',#3792,#772);
#433=LINE('',#3793,#773);
#434=LINE('',#3797,#774);
#435=LINE('',#3802,#775);
#436=LINE('',#3803,#776);
#437=LINE('',#3806,#777);
#438=LINE('',#3807,#778);
#439=LINE('',#3812,#779);
#440=LINE('',#3813,#780);
#441=LINE('',#3816,#781);
#442=LINE('',#3817,#782);
#443=LINE('',#3821,#783);
#444=LINE('',#3826,#784);
#445=LINE('',#3827,#785);
#446=LINE('',#3830,#786);
#447=LINE('',#3831,#787);
#448=LINE('',#3836,#788);
#449=LINE('',#3837,#789);
#450=LINE('',#3840,#790);
#451=LINE('',#3841,#791);
#452=LINE('',#3846,#792);
#453=LINE('',#3847,#793);
#454=LINE('',#3850,#794);
#455=LINE('',#3851,#795);
#456=LINE('',#3855,#796);
#457=LINE('',#3860,#797);
#458=LINE('',#3861,#798);
#459=LINE('',#3864,#799);
#460=LINE('',#3865,#800);
#461=LINE('',#3870,#801);
#462=LINE('',#3871,#802);
#463=LINE('',#3873,#803);
#464=LINE('',#3877,#804);
#465=LINE('',#3879,#805);
#466=LINE('',#3881,#806);
#467=LINE('',#3882,#807);
#468=LINE('',#3885,#808);
#469=LINE('',#3887,#809);
#470=LINE('',#3888,#810);
#471=LINE('',#3891,#811);
#472=LINE('',#3893,#812);
#473=LINE('',#3894,#813);
#474=LINE('',#3897,#814);
#475=LINE('',#3899,#815);
#476=LINE('',#3901,#816);
#477=LINE('',#3903,#817);
#478=LINE('',#3904,#818);
#479=LINE('',#3908,#819);
#480=LINE('',#3910,#820);
#481=LINE('',#3912,#821);
#482=LINE('',#3913,#822);
#483=LINE('',#3916,#823);
#484=LINE('',#3918,#824);
#485=LINE('',#3919,#825);
#486=LINE('',#3922,#826);
#487=LINE('',#3924,#827);
#488=LINE('',#3925,#828);
#489=LINE('',#3928,#829);
#490=LINE('',#3930,#830);
#491=LINE('',#3931,#831);
#492=LINE('',#3934,#832);
#493=LINE('',#3936,#833);
#494=LINE('',#3937,#834);
#495=LINE('',#3940,#835);
#496=LINE('',#3942,#836);
#497=LINE('',#3943,#837);
#498=LINE('',#3946,#838);
#499=LINE('',#3948,#839);
#500=LINE('',#3949,#840);
#501=LINE('',#3952,#841);
#502=LINE('',#3954,#842);
#503=LINE('',#3955,#843);
#504=LINE('',#3958,#844);
#505=LINE('',#3960,#845);
#506=LINE('',#3961,#846);
#507=LINE('',#3964,#847);
#508=LINE('',#3966,#848);
#509=LINE('',#3967,#849);
#510=LINE('',#3970,#850);
#511=LINE('',#3972,#851);
#512=LINE('',#3973,#852);
#513=LINE('',#3976,#853);
#514=LINE('',#3978,#854);
#515=LINE('',#3979,#855);
#516=LINE('',#3982,#856);
#517=LINE('',#3984,#857);
#518=LINE('',#3985,#858);
#519=LINE('',#3987,#859);
#520=LINE('',#3988,#860);
#521=LINE('',#3991,#861);
#522=LINE('',#3993,#862);
#523=LINE('',#3994,#863);
#524=LINE('',#3997,#864);
#525=LINE('',#3999,#865);
#526=LINE('',#4000,#866);
#527=LINE('',#4003,#867);
#528=LINE('',#4005,#868);
#529=LINE('',#4006,#869);
#530=LINE('',#4009,#870);
#531=LINE('',#4011,#871);
#532=LINE('',#4012,#872);
#533=LINE('',#4015,#873);
#534=LINE('',#4017,#874);
#535=LINE('',#4018,#875);
#536=LINE('',#4021,#876);
#537=LINE('',#4023,#877);
#538=LINE('',#4024,#878);
#539=LINE('',#4027,#879);
#540=LINE('',#4029,#880);
#541=LINE('',#4030,#881);
#542=LINE('',#4033,#882);
#543=LINE('',#4035,#883);
#544=LINE('',#4036,#884);
#545=LINE('',#4038,#885);
#546=LINE('',#4039,#886);
#547=LINE('',#4041,#887);
#548=LINE('',#4044,#888);
#549=LINE('',#4045,#889);
#550=LINE('',#4047,#890);
#551=LINE('',#4049,#891);
#552=LINE('',#4052,#892);
#553=LINE('',#4053,#893);
#554=LINE('',#4055,#894);
#555=LINE('',#4056,#895);
#556=LINE('',#4058,#896);
#557=LINE('',#4061,#897);
#558=LINE('',#4062,#898);
#559=LINE('',#4064,#899);
#560=LINE('',#4066,#900);
#561=LINE('',#4069,#901);
#562=LINE('',#4070,#902);
#563=LINE('',#4072,#903);
#564=LINE('',#4075,#904);
#565=LINE('',#4076,#905);
#566=LINE('',#4078,#906);
#567=LINE('',#4086,#907);
#568=LINE('',#4089,#908);
#569=LINE('',#4092,#909);
#570=LINE('',#4094,#910);
#571=LINE('',#4095,#911);
#572=LINE('',#4098,#912);
#573=LINE('',#4100,#913);
#574=LINE('',#4104,#914);
#575=LINE('',#4106,#915);
#576=LINE('',#4110,#916);
#577=LINE('',#4114,#917);
#578=LINE('',#4116,#918);
#579=LINE('',#4120,#919);
#580=LINE('',#4122,#920);
#581=LINE('',#4126,#921);
#582=LINE('',#4130,#922);
#583=LINE('',#4134,#923);
#584=LINE('',#4136,#924);
#585=LINE('',#4140,#925);
#586=LINE('',#4142,#926);
#587=LINE('',#4144,#927);
#588=LINE('',#4148,#928);
#589=LINE('',#4150,#929);
#590=LINE('',#4154,#930);
#591=LINE('',#4158,#931);
#592=LINE('',#4160,#932);
#593=LINE('',#4164,#933);
#594=LINE('',#4166,#934);
#595=LINE('',#4172,#935);
#596=LINE('',#4173,#936);
#597=LINE('',#4176,#937);
#598=LINE('',#4177,#938);
#599=LINE('',#4182,#939);
#600=LINE('',#4183,#940);
#601=LINE('',#4186,#941);
#602=LINE('',#4187,#942);
#603=LINE('',#4191,#943);
#604=LINE('',#4196,#944);
#605=LINE('',#4197,#945);
#606=LINE('',#4200,#946);
#607=LINE('',#4201,#947);
#608=LINE('',#4206,#948);
#609=LINE('',#4207,#949);
#610=LINE('',#4210,#950);
#611=LINE('',#4211,#951);
#612=LINE('',#4215,#952);
#613=LINE('',#4218,#953);
#614=LINE('',#4219,#954);
#615=LINE('',#4224,#955);
#616=LINE('',#4225,#956);
#617=LINE('',#4228,#957);
#618=LINE('',#4229,#958);
#619=LINE('',#4234,#959);
#620=LINE('',#4235,#960);
#621=LINE('',#4238,#961);
#622=LINE('',#4239,#962);
#623=LINE('',#4243,#963);
#624=LINE('',#4246,#964);
#625=LINE('',#4247,#965);
#626=LINE('',#4252,#966);
#627=LINE('',#4253,#967);
#628=LINE('',#4256,#968);
#629=LINE('',#4257,#969);
#630=LINE('',#4262,#970);
#631=LINE('',#4263,#971);
#632=LINE('',#4266,#972);
#633=LINE('',#4267,#973);
#634=LINE('',#4272,#974);
#635=LINE('',#4273,#975);
#636=LINE('',#4276,#976);
#637=LINE('',#4277,#977);
#638=LINE('',#4281,#978);
#639=LINE('',#4285,#979);
#640=LINE('',#4287,#980);
#641=LINE('',#4289,#981);
#642=LINE('',#4290,#982);
#643=LINE('',#4293,#983);
#644=LINE('',#4295,#984);
#645=LINE('',#4296,#985);
#646=LINE('',#4299,#986);
#647=LINE('',#4301,#987);
#648=LINE('',#4302,#988);
#649=LINE('',#4305,#989);
#650=LINE('',#4307,#990);
#651=LINE('',#4309,#991);
#652=LINE('',#4311,#992);
#653=LINE('',#4312,#993);
#654=LINE('',#4316,#994);
#655=LINE('',#4318,#995);
#656=LINE('',#4320,#996);
#657=LINE('',#4321,#997);
#658=LINE('',#4324,#998);
#659=LINE('',#4326,#999);
#660=LINE('',#4327,#1000);
#661=LINE('',#4330,#1001);
#662=LINE('',#4332,#1002);
#663=LINE('',#4333,#1003);
#664=LINE('',#4336,#1004);
#665=LINE('',#4338,#1005);
#666=LINE('',#4339,#1006);
#667=LINE('',#4342,#1007);
#668=LINE('',#4344,#1008);
#669=LINE('',#4345,#1009);
#670=LINE('',#4348,#1010);
#671=LINE('',#4350,#1011);
#672=LINE('',#4351,#1012);
#673=LINE('',#4354,#1013);
#674=LINE('',#4356,#1014);
#675=LINE('',#4357,#1015);
#676=LINE('',#4360,#1016);
#677=LINE('',#4362,#1017);
#678=LINE('',#4363,#1018);
#679=LINE('',#4366,#1019);
#680=LINE('',#4368,#1020);
#681=LINE('',#4369,#1021);
#682=LINE('',#4372,#1022);
#683=LINE('',#4374,#1023);
#684=LINE('',#4375,#1024);
#685=LINE('',#4378,#1025);
#686=LINE('',#4380,#1026);
#687=LINE('',#4381,#1027);
#688=LINE('',#4384,#1028);
#689=LINE('',#4386,#1029);
#690=LINE('',#4387,#1030);
#691=LINE('',#4390,#1031);
#692=LINE('',#4392,#1032);
#693=LINE('',#4393,#1033);
#694=LINE('',#4395,#1034);
#695=LINE('',#4396,#1035);
#696=LINE('',#4399,#1036);
#697=LINE('',#4401,#1037);
#698=LINE('',#4402,#1038);
#699=LINE('',#4405,#1039);
#700=LINE('',#4407,#1040);
#701=LINE('',#4408,#1041);
#702=LINE('',#4411,#1042);
#703=LINE('',#4413,#1043);
#704=LINE('',#4414,#1044);
#705=LINE('',#4417,#1045);
#706=LINE('',#4419,#1046);
#707=LINE('',#4420,#1047);
#708=LINE('',#4423,#1048);
#709=LINE('',#4425,#1049);
#710=LINE('',#4426,#1050);
#711=LINE('',#4429,#1051);
#712=LINE('',#4431,#1052);
#713=LINE('',#4432,#1053);
#714=LINE('',#4435,#1054);
#715=LINE('',#4437,#1055);
#716=LINE('',#4438,#1056);
#717=LINE('',#4441,#1057);
#718=LINE('',#4443,#1058);
#719=LINE('',#4444,#1059);
#720=LINE('',#4446,#1060);
#721=LINE('',#4447,#1061);
#722=LINE('',#4449,#1062);
#723=LINE('',#4451,#1063);
#724=LINE('',#4453,#1064);
#725=LINE('',#4456,#1065);
#726=LINE('',#4457,#1066);
#727=LINE('',#4459,#1067);
#728=LINE('',#4461,#1068);
#729=LINE('',#4462,#1069);
#730=LINE('',#4464,#1070);
#731=LINE('',#4466,#1071);
#732=LINE('',#4468,#1072);
#733=LINE('',#4471,#1073);
#734=LINE('',#4472,#1074);
#735=LINE('',#4474,#1075);
#736=LINE('',#4476,#1076);
#737=VECTOR('',#2962,10.);
#738=VECTOR('',#2965,10.);
#739=VECTOR('',#2968,10.);
#740=VECTOR('',#2971,10.);
#741=VECTOR('',#2972,10.);
#742=VECTOR('',#2975,10.);
#743=VECTOR('',#2976,10.);
#744=VECTOR('',#2979,10.);
#745=VECTOR('',#2982,10.);
#746=VECTOR('',#2983,10.);
#747=VECTOR('',#2986,10.);
#748=VECTOR('',#2987,10.);
#749=VECTOR('',#2990,10.);
#750=VECTOR('',#2993,10.);
#751=VECTOR('',#2994,10.);
#752=VECTOR('',#2997,10.);
#753=VECTOR('',#2998,10.);
#754=VECTOR('',#2999,10.);
#755=VECTOR('',#3002,10.);
#756=VECTOR('',#3003,10.);
#757=VECTOR('',#3006,10.);
#758=VECTOR('',#3009,10.);
#759=VECTOR('',#3012,10.);
#760=VECTOR('',#3013,10.);
#761=VECTOR('',#3016,10.);
#762=VECTOR('',#3017,10.);
#763=VECTOR('',#3020,10.);
#764=VECTOR('',#3021,10.);
#765=VECTOR('',#3026,10.);
#766=VECTOR('',#3031,10.);
#767=VECTOR('',#3032,10.);
#768=VECTOR('',#3035,10.);
#769=VECTOR('',#3036,10.);
#770=VECTOR('',#3041,10.);
#771=VECTOR('',#3042,10.);
#772=VECTOR('',#3045,10.);
#773=VECTOR('',#3046,10.);
#774=VECTOR('',#3051,10.);
#775=VECTOR('',#3056,10.);
#776=VECTOR('',#3057,10.);
#777=VECTOR('',#3060,10.);
#778=VECTOR('',#3061,10.);
#779=VECTOR('',#3066,10.);
#780=VECTOR('',#3067,10.);
#781=VECTOR('',#3070,10.);
#782=VECTOR('',#3071,10.);
#783=VECTOR('',#3076,10.);
#784=VECTOR('',#3081,10.);
#785=VECTOR('',#3082,10.);
#786=VECTOR('',#3085,10.);
#787=VECTOR('',#3086,10.);
#788=VECTOR('',#3091,10.);
#789=VECTOR('',#3092,10.);
#790=VECTOR('',#3095,10.);
#791=VECTOR('',#3096,10.);
#792=VECTOR('',#3101,10.);
#793=VECTOR('',#3102,10.);
#794=VECTOR('',#3105,10.);
#795=VECTOR('',#3106,10.);
#796=VECTOR('',#3111,10.);
#797=VECTOR('',#3116,10.);
#798=VECTOR('',#3117,10.);
#799=VECTOR('',#3120,10.);
#800=VECTOR('',#3121,10.);
#801=VECTOR('',#3126,10.);
#802=VECTOR('',#3127,10.);
#803=VECTOR('',#3130,10.);
#804=VECTOR('',#3133,10.);
#805=VECTOR('',#3134,10.);
#806=VECTOR('',#3135,10.);
#807=VECTOR('',#3136,10.);
#808=VECTOR('',#3139,10.);
#809=VECTOR('',#3140,10.);
#810=VECTOR('',#3141,10.);
#811=VECTOR('',#3144,10.);
#812=VECTOR('',#3145,10.);
#813=VECTOR('',#3146,10.);
#814=VECTOR('',#3149,10.);
#815=VECTOR('',#3150,10.);
#816=VECTOR('',#3151,10.);
#817=VECTOR('',#3152,10.);
#818=VECTOR('',#3153,10.);
#819=VECTOR('',#3156,10.);
#820=VECTOR('',#3157,10.);
#821=VECTOR('',#3158,10.);
#822=VECTOR('',#3159,10.);
#823=VECTOR('',#3162,10.);
#824=VECTOR('',#3163,10.);
#825=VECTOR('',#3164,10.);
#826=VECTOR('',#3167,10.);
#827=VECTOR('',#3168,10.);
#828=VECTOR('',#3169,10.);
#829=VECTOR('',#3172,10.);
#830=VECTOR('',#3173,10.);
#831=VECTOR('',#3174,10.);
#832=VECTOR('',#3177,10.);
#833=VECTOR('',#3178,10.);
#834=VECTOR('',#3179,10.);
#835=VECTOR('',#3182,10.);
#836=VECTOR('',#3183,10.);
#837=VECTOR('',#3184,10.);
#838=VECTOR('',#3187,10.);
#839=VECTOR('',#3188,10.);
#840=VECTOR('',#3189,10.);
#841=VECTOR('',#3192,10.);
#842=VECTOR('',#3193,10.);
#843=VECTOR('',#3194,10.);
#844=VECTOR('',#3197,10.);
#845=VECTOR('',#3198,10.);
#846=VECTOR('',#3199,10.);
#847=VECTOR('',#3202,10.);
#848=VECTOR('',#3203,10.);
#849=VECTOR('',#3204,10.);
#850=VECTOR('',#3207,10.);
#851=VECTOR('',#3208,10.);
#852=VECTOR('',#3209,10.);
#853=VECTOR('',#3212,10.);
#854=VECTOR('',#3213,10.);
#855=VECTOR('',#3214,10.);
#856=VECTOR('',#3217,10.);
#857=VECTOR('',#3218,10.);
#858=VECTOR('',#3219,10.);
#859=VECTOR('',#3222,10.);
#860=VECTOR('',#3223,10.);
#861=VECTOR('',#3226,10.);
#862=VECTOR('',#3227,10.);
#863=VECTOR('',#3228,10.);
#864=VECTOR('',#3231,10.);
#865=VECTOR('',#3232,10.);
#866=VECTOR('',#3233,10.);
#867=VECTOR('',#3236,10.);
#868=VECTOR('',#3237,10.);
#869=VECTOR('',#3238,10.);
#870=VECTOR('',#3241,10.);
#871=VECTOR('',#3242,10.);
#872=VECTOR('',#3243,10.);
#873=VECTOR('',#3246,10.);
#874=VECTOR('',#3247,10.);
#875=VECTOR('',#3248,10.);
#876=VECTOR('',#3251,10.);
#877=VECTOR('',#3252,10.);
#878=VECTOR('',#3253,10.);
#879=VECTOR('',#3256,10.);
#880=VECTOR('',#3257,10.);
#881=VECTOR('',#3258,10.);
#882=VECTOR('',#3261,10.);
#883=VECTOR('',#3262,10.);
#884=VECTOR('',#3263,10.);
#885=VECTOR('',#3266,10.);
#886=VECTOR('',#3267,10.);
#887=VECTOR('',#3270,10.);
#888=VECTOR('',#3273,10.);
#889=VECTOR('',#3274,10.);
#890=VECTOR('',#3277,10.);
#891=VECTOR('',#3280,10.);
#892=VECTOR('',#3283,10.);
#893=VECTOR('',#3284,10.);
#894=VECTOR('',#3287,10.);
#895=VECTOR('',#3288,10.);
#896=VECTOR('',#3291,10.);
#897=VECTOR('',#3294,10.);
#898=VECTOR('',#3295,10.);
#899=VECTOR('',#3298,10.);
#900=VECTOR('',#3301,10.);
#901=VECTOR('',#3304,10.);
#902=VECTOR('',#3305,10.);
#903=VECTOR('',#3308,10.);
#904=VECTOR('',#3311,10.);
#905=VECTOR('',#3312,10.);
#906=VECTOR('',#3315,10.);
#907=VECTOR('',#3324,10.);
#908=VECTOR('',#3327,10.);
#909=VECTOR('',#3330,10.);
#910=VECTOR('',#3331,10.);
#911=VECTOR('',#3332,10.);
#912=VECTOR('',#3335,10.);
#913=VECTOR('',#3336,10.);
#914=VECTOR('',#3339,10.);
#915=VECTOR('',#3340,10.);
#916=VECTOR('',#3343,10.);
#917=VECTOR('',#3346,10.);
#918=VECTOR('',#3347,10.);
#919=VECTOR('',#3350,10.);
#920=VECTOR('',#3351,10.);
#921=VECTOR('',#3354,10.);
#922=VECTOR('',#3357,10.);
#923=VECTOR('',#3360,10.);
#924=VECTOR('',#3361,10.);
#925=VECTOR('',#3364,10.);
#926=VECTOR('',#3365,10.);
#927=VECTOR('',#3366,10.);
#928=VECTOR('',#3369,10.);
#929=VECTOR('',#3370,10.);
#930=VECTOR('',#3373,10.);
#931=VECTOR('',#3376,10.);
#932=VECTOR('',#3377,10.);
#933=VECTOR('',#3380,10.);
#934=VECTOR('',#3381,10.);
#935=VECTOR('',#3388,10.);
#936=VECTOR('',#3389,10.);
#937=VECTOR('',#3392,10.);
#938=VECTOR('',#3393,10.);
#939=VECTOR('',#3398,10.);
#940=VECTOR('',#3399,10.);
#941=VECTOR('',#3402,10.);
#942=VECTOR('',#3403,10.);
#943=VECTOR('',#3408,10.);
#944=VECTOR('',#3413,10.);
#945=VECTOR('',#3414,10.);
#946=VECTOR('',#3417,10.);
#947=VECTOR('',#3418,10.);
#948=VECTOR('',#3423,10.);
#949=VECTOR('',#3424,10.);
#950=VECTOR('',#3427,10.);
#951=VECTOR('',#3428,10.);
#952=VECTOR('',#3433,10.);
#953=VECTOR('',#3436,10.);
#954=VECTOR('',#3437,10.);
#955=VECTOR('',#3442,10.);
#956=VECTOR('',#3443,10.);
#957=VECTOR('',#3446,10.);
#958=VECTOR('',#3447,10.);
#959=VECTOR('',#3452,10.);
#960=VECTOR('',#3453,10.);
#961=VECTOR('',#3456,10.);
#962=VECTOR('',#3457,10.);
#963=VECTOR('',#3462,10.);
#964=VECTOR('',#3465,10.);
#965=VECTOR('',#3466,10.);
#966=VECTOR('',#3471,10.);
#967=VECTOR('',#3472,10.);
#968=VECTOR('',#3475,10.);
#969=VECTOR('',#3476,10.);
#970=VECTOR('',#3481,10.);
#971=VECTOR('',#3482,10.);
#972=VECTOR('',#3485,10.);
#973=VECTOR('',#3486,10.);
#974=VECTOR('',#3491,10.);
#975=VECTOR('',#3492,10.);
#976=VECTOR('',#3495,10.);
#977=VECTOR('',#3496,10.);
#978=VECTOR('',#3501,10.);
#979=VECTOR('',#3504,10.);
#980=VECTOR('',#3505,10.);
#981=VECTOR('',#3506,10.);
#982=VECTOR('',#3507,10.);
#983=VECTOR('',#3510,10.);
#984=VECTOR('',#3511,10.);
#985=VECTOR('',#3512,10.);
#986=VECTOR('',#3515,10.);
#987=VECTOR('',#3516,10.);
#988=VECTOR('',#3517,10.);
#989=VECTOR('',#3520,10.);
#990=VECTOR('',#3521,10.);
#991=VECTOR('',#3522,10.);
#992=VECTOR('',#3523,10.);
#993=VECTOR('',#3524,10.);
#994=VECTOR('',#3527,10.);
#995=VECTOR('',#3528,10.);
#996=VECTOR('',#3529,10.);
#997=VECTOR('',#3530,10.);
#998=VECTOR('',#3533,10.);
#999=VECTOR('',#3534,10.);
#1000=VECTOR('',#3535,10.);
#1001=VECTOR('',#3538,10.);
#1002=VECTOR('',#3539,10.);
#1003=VECTOR('',#3540,10.);
#1004=VECTOR('',#3543,10.);
#1005=VECTOR('',#3544,10.);
#1006=VECTOR('',#3545,10.);
#1007=VECTOR('',#3548,10.);
#1008=VECTOR('',#3549,10.);
#1009=VECTOR('',#3550,10.);
#1010=VECTOR('',#3553,10.);
#1011=VECTOR('',#3554,10.);
#1012=VECTOR('',#3555,10.);
#1013=VECTOR('',#3558,10.);
#1014=VECTOR('',#3559,10.);
#1015=VECTOR('',#3560,10.);
#1016=VECTOR('',#3563,10.);
#1017=VECTOR('',#3564,10.);
#1018=VECTOR('',#3565,10.);
#1019=VECTOR('',#3568,10.);
#1020=VECTOR('',#3569,10.);
#1021=VECTOR('',#3570,10.);
#1022=VECTOR('',#3573,10.);
#1023=VECTOR('',#3574,10.);
#1024=VECTOR('',#3575,10.);
#1025=VECTOR('',#3578,10.);
#1026=VECTOR('',#3579,10.);
#1027=VECTOR('',#3580,10.);
#1028=VECTOR('',#3583,10.);
#1029=VECTOR('',#3584,10.);
#1030=VECTOR('',#3585,10.);
#1031=VECTOR('',#3588,10.);
#1032=VECTOR('',#3589,10.);
#1033=VECTOR('',#3590,10.);
#1034=VECTOR('',#3593,10.);
#1035=VECTOR('',#3594,10.);
#1036=VECTOR('',#3597,10.);
#1037=VECTOR('',#3598,10.);
#1038=VECTOR('',#3599,10.);
#1039=VECTOR('',#3602,10.);
#1040=VECTOR('',#3603,10.);
#1041=VECTOR('',#3604,10.);
#1042=VECTOR('',#3607,10.);
#1043=VECTOR('',#3608,10.);
#1044=VECTOR('',#3609,10.);
#1045=VECTOR('',#3612,10.);
#1046=VECTOR('',#3613,10.);
#1047=VECTOR('',#3614,10.);
#1048=VECTOR('',#3617,10.);
#1049=VECTOR('',#3618,10.);
#1050=VECTOR('',#3619,10.);
#1051=VECTOR('',#3622,10.);
#1052=VECTOR('',#3623,10.);
#1053=VECTOR('',#3624,10.);
#1054=VECTOR('',#3627,10.);
#1055=VECTOR('',#3628,10.);
#1056=VECTOR('',#3629,10.);
#1057=VECTOR('',#3632,10.);
#1058=VECTOR('',#3633,10.);
#1059=VECTOR('',#3634,10.);
#1060=VECTOR('',#3637,10.);
#1061=VECTOR('',#3638,10.);
#1062=VECTOR('',#3641,10.);
#1063=VECTOR('',#3644,10.);
#1064=VECTOR('',#3647,10.);
#1065=VECTOR('',#3650,10.);
#1066=VECTOR('',#3651,10.);
#1067=VECTOR('',#3654,10.);
#1068=VECTOR('',#3657,10.);
#1069=VECTOR('',#3658,10.);
#1070=VECTOR('',#3661,10.);
#1071=VECTOR('',#3664,10.);
#1072=VECTOR('',#3667,10.);
#1073=VECTOR('',#3670,10.);
#1074=VECTOR('',#3671,10.);
#1075=VECTOR('',#3674,10.);
#1076=VECTOR('',#3677,10.);
#1077=CIRCLE('',#2765,5.);
#1078=CIRCLE('',#2766,5.);
#1079=CIRCLE('',#2768,5.);
#1080=CIRCLE('',#2769,5.);
#1081=CIRCLE('',#2770,5.);
#1082=CIRCLE('',#2771,5.);
#1083=CIRCLE('',#2772,5.);
#1084=CIRCLE('',#2773,5.);
#1085=CIRCLE('',#2774,5.);
#1086=CIRCLE('',#2775,5.);
#1087=CIRCLE('',#2776,5.);
#1088=CIRCLE('',#2777,5.);
#1089=CIRCLE('',#2778,5.);
#1090=CIRCLE('',#2779,5.);
#1091=CIRCLE('',#2780,5.);
#1092=CIRCLE('',#2783,5.);
#1093=CIRCLE('',#2785,5.);
#1094=CIRCLE('',#2788,5.);
#1095=CIRCLE('',#2791,5.);
#1096=CIRCLE('',#2793,5.);
#1097=CIRCLE('',#2796,5.);
#1098=CIRCLE('',#2799,5.);
#1099=CIRCLE('',#2801,5.);
#1100=CIRCLE('',#2804,5.);
#1101=CIRCLE('',#2807,5.);
#1102=CIRCLE('',#2810,5.);
#1103=CIRCLE('',#2812,5.);
#1104=CIRCLE('',#2815,5.);
#1105=CIRCLE('',#2861,5.);
#1106=CIRCLE('',#2862,5.);
#1107=CIRCLE('',#2865,5.);
#1108=CIRCLE('',#2866,5.);
#1109=CIRCLE('',#2867,5.);
#1110=CIRCLE('',#2868,5.);
#1111=CIRCLE('',#2869,5.);
#1112=CIRCLE('',#2870,5.);
#1113=CIRCLE('',#2871,5.);
#1114=CIRCLE('',#2872,5.);
#1115=CIRCLE('',#2873,5.);
#1116=CIRCLE('',#2874,5.);
#1117=CIRCLE('',#2875,5.);
#1118=CIRCLE('',#2876,5.);
#1119=CIRCLE('',#2877,5.);
#1120=CIRCLE('',#2879,5.);
#1121=CIRCLE('',#2882,5.);
#1122=CIRCLE('',#2885,5.);
#1123=CIRCLE('',#2887,5.);
#1124=CIRCLE('',#2890,5.);
#1125=CIRCLE('',#2893,5.);
#1126=CIRCLE('',#2896,5.);
#1127=CIRCLE('',#2899,5.);
#1128=CIRCLE('',#2902,5.);
#1129=CIRCLE('',#2905,5.);
#1130=CIRCLE('',#2908,5.);
#1131=CIRCLE('',#2911,5.);
#1132=CIRCLE('',#2914,5.);
#1133=VERTEX_POINT('',#3684);
#1134=VERTEX_POINT('',#3685);
#1135=VERTEX_POINT('',#3687);
#1136=VERTEX_POINT('',#3689);
#1137=VERTEX_POINT('',#3693);
#1138=VERTEX_POINT('',#3695);
#1139=VERTEX_POINT('',#3697);
#1140=VERTEX_POINT('',#3699);
#1141=VERTEX_POINT('',#3701);
#1142=VERTEX_POINT('',#3703);
#1143=VERTEX_POINT('',#3705);
#1144=VERTEX_POINT('',#3707);
#1145=VERTEX_POINT('',#3709);
#1146=VERTEX_POINT('',#3711);
#1147=VERTEX_POINT('',#3713);
#1148=VERTEX_POINT('',#3715);
#1149=VERTEX_POINT('',#3717);
#1150=VERTEX_POINT('',#3719);
#1151=VERTEX_POINT('',#3721);
#1152=VERTEX_POINT('',#3723);
#1153=VERTEX_POINT('',#3725);
#1154=VERTEX_POINT('',#3727);
#1155=VERTEX_POINT('',#3729);
#1156=VERTEX_POINT('',#3731);
#1157=VERTEX_POINT('',#3733);
#1158=VERTEX_POINT('',#3735);
#1159=VERTEX_POINT('',#3737);
#1160=VERTEX_POINT('',#3739);
#1161=VERTEX_POINT('',#3741);
#1162=VERTEX_POINT('',#3743);
#1163=VERTEX_POINT('',#3745);
#1164=VERTEX_POINT('',#3747);
#1165=VERTEX_POINT('',#3749);
#1166=VERTEX_POINT('',#3751);
#1167=VERTEX_POINT('',#3753);
#1168=VERTEX_POINT('',#3755);
#1169=VERTEX_POINT('',#3757);
#1170=VERTEX_POINT('',#3759);
#1171=VERTEX_POINT('',#3761);
#1172=VERTEX_POINT('',#3763);
#1173=VERTEX_POINT('',#3767);
#1174=VERTEX_POINT('',#3771);
#1175=VERTEX_POINT('',#3775);
#1176=VERTEX_POINT('',#3776);
#1177=VERTEX_POINT('',#3781);
#1178=VERTEX_POINT('',#3785);
#1179=VERTEX_POINT('',#3786);
#1180=VERTEX_POINT('',#3791);
#1181=VERTEX_POINT('',#3795);
#1182=VERTEX_POINT('',#3799);
#1183=VERTEX_POINT('',#3800);
#1184=VERTEX_POINT('',#3805);
#1185=VERTEX_POINT('',#3809);
#1186=VERTEX_POINT('',#3810);
#1187=VERTEX_POINT('',#3815);
#1188=VERTEX_POINT('',#3819);
#1189=VERTEX_POINT('',#3823);
#1190=VERTEX_POINT('',#3824);
#1191=VERTEX_POINT('',#3829);
#1192=VERTEX_POINT('',#3833);
#1193=VERTEX_POINT('',#3834);
#1194=VERTEX_POINT('',#3839);
#1195=VERTEX_POINT('',#3843);
#1196=VERTEX_POINT('',#3844);
#1197=VERTEX_POINT('',#3849);
#1198=VERTEX_POINT('',#3853);
#1199=VERTEX_POINT('',#3857);
#1200=VERTEX_POINT('',#3858);
#1201=VERTEX_POINT('',#3863);
#1202=VERTEX_POINT('',#3867);
#1203=VERTEX_POINT('',#3868);
#1204=VERTEX_POINT('',#3875);
#1205=VERTEX_POINT('',#3876);
#1206=VERTEX_POINT('',#3878);
#1207=VERTEX_POINT('',#3880);
#1208=VERTEX_POINT('',#3884);
#1209=VERTEX_POINT('',#3886);
#1210=VERTEX_POINT('',#3890);
#1211=VERTEX_POINT('',#3892);
#1212=VERTEX_POINT('',#3896);
#1213=VERTEX_POINT('',#3898);
#1214=VERTEX_POINT('',#3900);
#1215=VERTEX_POINT('',#3902);
#1216=VERTEX_POINT('',#3906);
#1217=VERTEX_POINT('',#3907);
#1218=VERTEX_POINT('',#3909);
#1219=VERTEX_POINT('',#3911);
#1220=VERTEX_POINT('',#3915);
#1221=VERTEX_POINT('',#3917);
#1222=VERTEX_POINT('',#3921);
#1223=VERTEX_POINT('',#3923);
#1224=VERTEX_POINT('',#3927);
#1225=VERTEX_POINT('',#3929);
#1226=VERTEX_POINT('',#3933);
#1227=VERTEX_POINT('',#3935);
#1228=VERTEX_POINT('',#3939);
#1229=VERTEX_POINT('',#3941);
#1230=VERTEX_POINT('',#3945);
#1231=VERTEX_POINT('',#3947);
#1232=VERTEX_POINT('',#3951);
#1233=VERTEX_POINT('',#3953);
#1234=VERTEX_POINT('',#3957);
#1235=VERTEX_POINT('',#3959);
#1236=VERTEX_POINT('',#3963);
#1237=VERTEX_POINT('',#3965);
#1238=VERTEX_POINT('',#3969);
#1239=VERTEX_POINT('',#3971);
#1240=VERTEX_POINT('',#3975);
#1241=VERTEX_POINT('',#3977);
#1242=VERTEX_POINT('',#3981);
#1243=VERTEX_POINT('',#3983);
#1244=VERTEX_POINT('',#3990);
#1245=VERTEX_POINT('',#3992);
#1246=VERTEX_POINT('',#3996);
#1247=VERTEX_POINT('',#3998);
#1248=VERTEX_POINT('',#4002);
#1249=VERTEX_POINT('',#4004);
#1250=VERTEX_POINT('',#4008);
#1251=VERTEX_POINT('',#4010);
#1252=VERTEX_POINT('',#4014);
#1253=VERTEX_POINT('',#4016);
#1254=VERTEX_POINT('',#4020);
#1255=VERTEX_POINT('',#4022);
#1256=VERTEX_POINT('',#4026);
#1257=VERTEX_POINT('',#4028);
#1258=VERTEX_POINT('',#4032);
#1259=VERTEX_POINT('',#4034);
#1260=VERTEX_POINT('',#4043);
#1261=VERTEX_POINT('',#4051);
#1262=VERTEX_POINT('',#4060);
#1263=VERTEX_POINT('',#4068);
#1264=VERTEX_POINT('',#4074);
#1265=VERTEX_POINT('',#4082);
#1266=VERTEX_POINT('',#4083);
#1267=VERTEX_POINT('',#4085);
#1268=VERTEX_POINT('',#4087);
#1269=VERTEX_POINT('',#4091);
#1270=VERTEX_POINT('',#4093);
#1271=VERTEX_POINT('',#4097);
#1272=VERTEX_POINT('',#4099);
#1273=VERTEX_POINT('',#4101);
#1274=VERTEX_POINT('',#4103);
#1275=VERTEX_POINT('',#4105);
#1276=VERTEX_POINT('',#4107);
#1277=VERTEX_POINT('',#4109);
#1278=VERTEX_POINT('',#4111);
#1279=VERTEX_POINT('',#4113);
#1280=VERTEX_POINT('',#4115);
#1281=VERTEX_POINT('',#4117);
#1282=VERTEX_POINT('',#4119);
#1283=VERTEX_POINT('',#4121);
#1284=VERTEX_POINT('',#4123);
#1285=VERTEX_POINT('',#4125);
#1286=VERTEX_POINT('',#4127);
#1287=VERTEX_POINT('',#4129);
#1288=VERTEX_POINT('',#4131);
#1289=VERTEX_POINT('',#4133);
#1290=VERTEX_POINT('',#4135);
#1291=VERTEX_POINT('',#4137);
#1292=VERTEX_POINT('',#4139);
#1293=VERTEX_POINT('',#4141);
#1294=VERTEX_POINT('',#4143);
#1295=VERTEX_POINT('',#4145);
#1296=VERTEX_POINT('',#4147);
#1297=VERTEX_POINT('',#4149);
#1298=VERTEX_POINT('',#4151);
#1299=VERTEX_POINT('',#4153);
#1300=VERTEX_POINT('',#4155);
#1301=VERTEX_POINT('',#4157);
#1302=VERTEX_POINT('',#4159);
#1303=VERTEX_POINT('',#4161);
#1304=VERTEX_POINT('',#4163);
#1305=VERTEX_POINT('',#4165);
#1306=VERTEX_POINT('',#4169);
#1307=VERTEX_POINT('',#4170);
#1308=VERTEX_POINT('',#4175);
#1309=VERTEX_POINT('',#4179);
#1310=VERTEX_POINT('',#4180);
#1311=VERTEX_POINT('',#4185);
#1312=VERTEX_POINT('',#4189);
#1313=VERTEX_POINT('',#4193);
#1314=VERTEX_POINT('',#4194);
#1315=VERTEX_POINT('',#4199);
#1316=VERTEX_POINT('',#4203);
#1317=VERTEX_POINT('',#4204);
#1318=VERTEX_POINT('',#4209);
#1319=VERTEX_POINT('',#4213);
#1320=VERTEX_POINT('',#4217);
#1321=VERTEX_POINT('',#4221);
#1322=VERTEX_POINT('',#4222);
#1323=VERTEX_POINT('',#4227);
#1324=VERTEX_POINT('',#4231);
#1325=VERTEX_POINT('',#4232);
#1326=VERTEX_POINT('',#4237);
#1327=VERTEX_POINT('',#4241);
#1328=VERTEX_POINT('',#4245);
#1329=VERTEX_POINT('',#4249);
#1330=VERTEX_POINT('',#4250);
#1331=VERTEX_POINT('',#4255);
#1332=VERTEX_POINT('',#4259);
#1333=VERTEX_POINT('',#4260);
#1334=VERTEX_POINT('',#4265);
#1335=VERTEX_POINT('',#4269);
#1336=VERTEX_POINT('',#4270);
#1337=VERTEX_POINT('',#4275);
#1338=VERTEX_POINT('',#4279);
#1339=VERTEX_POINT('',#4283);
#1340=VERTEX_POINT('',#4284);
#1341=VERTEX_POINT('',#4286);
#1342=VERTEX_POINT('',#4288);
#1343=VERTEX_POINT('',#4292);
#1344=VERTEX_POINT('',#4294);
#1345=VERTEX_POINT('',#4298);
#1346=VERTEX_POINT('',#4300);
#1347=VERTEX_POINT('',#4304);
#1348=VERTEX_POINT('',#4306);
#1349=VERTEX_POINT('',#4308);
#1350=VERTEX_POINT('',#4310);
#1351=VERTEX_POINT('',#4314);
#1352=VERTEX_POINT('',#4315);
#1353=VERTEX_POINT('',#4317);
#1354=VERTEX_POINT('',#4319);
#1355=VERTEX_POINT('',#4323);
#1356=VERTEX_POINT('',#4325);
#1357=VERTEX_POINT('',#4329);
#1358=VERTEX_POINT('',#4331);
#1359=VERTEX_POINT('',#4335);
#1360=VERTEX_POINT('',#4337);
#1361=VERTEX_POINT('',#4341);
#1362=VERTEX_POINT('',#4343);
#1363=VERTEX_POINT('',#4347);
#1364=VERTEX_POINT('',#4349);
#1365=VERTEX_POINT('',#4353);
#1366=VERTEX_POINT('',#4355);
#1367=VERTEX_POINT('',#4359);
#1368=VERTEX_POINT('',#4361);
#1369=VERTEX_POINT('',#4365);
#1370=VERTEX_POINT('',#4367);
#1371=VERTEX_POINT('',#4371);
#1372=VERTEX_POINT('',#4373);
#1373=VERTEX_POINT('',#4377);
#1374=VERTEX_POINT('',#4379);
#1375=VERTEX_POINT('',#4383);
#1376=VERTEX_POINT('',#4385);
#1377=VERTEX_POINT('',#4389);
#1378=VERTEX_POINT('',#4391);
#1379=VERTEX_POINT('',#4398);
#1380=VERTEX_POINT('',#4400);
#1381=VERTEX_POINT('',#4404);
#1382=VERTEX_POINT('',#4406);
#1383=VERTEX_POINT('',#4410);
#1384=VERTEX_POINT('',#4412);
#1385=VERTEX_POINT('',#4416);
#1386=VERTEX_POINT('',#4418);
#1387=VERTEX_POINT('',#4422);
#1388=VERTEX_POINT('',#4424);
#1389=VERTEX_POINT('',#4428);
#1390=VERTEX_POINT('',#4430);
#1391=VERTEX_POINT('',#4434);
#1392=VERTEX_POINT('',#4436);
#1393=VERTEX_POINT('',#4440);
#1394=VERTEX_POINT('',#4442);
#1395=VERTEX_POINT('',#4455);
#1396=VERTEX_POINT('',#4470);
#1397=EDGE_CURVE('',#1133,#1134,#1077,.T.);
#1398=EDGE_CURVE('',#1134,#1135,#397,.T.);
#1399=EDGE_CURVE('',#1135,#1136,#1078,.T.);
#1400=EDGE_CURVE('',#1136,#1133,#398,.T.);
#1401=EDGE_CURVE('',#1137,#1135,#399,.T.);
#1402=EDGE_CURVE('',#1138,#1137,#1079,.T.);
#1403=EDGE_CURVE('',#1139,#1138,#400,.T.);
#1404=EDGE_CURVE('',#1140,#1139,#401,.T.);
#1405=EDGE_CURVE('',#1141,#1140,#1080,.T.);
#1406=EDGE_CURVE('',#1142,#1141,#402,.T.);
#1407=EDGE_CURVE('',#1143,#1142,#403,.T.);
#1408=EDGE_CURVE('',#1144,#1143,#1081,.T.);
#1409=EDGE_CURVE('',#1145,#1144,#404,.T.);
#1410=EDGE_CURVE('',#1146,#1145,#1082,.T.);
#1411=EDGE_CURVE('',#1147,#1146,#405,.T.);
#1412=EDGE_CURVE('',#1148,#1147,#406,.T.);
#1413=EDGE_CURVE('',#1149,#1148,#1083,.T.);
#1414=EDGE_CURVE('',#1150,#1149,#407,.T.);
#1415=EDGE_CURVE('',#1151,#1150,#408,.T.);
#1416=EDGE_CURVE('',#1152,#1151,#1084,.T.);
#1417=EDGE_CURVE('',#1153,#1152,#409,.T.);
#1418=EDGE_CURVE('',#1154,#1153,#1085,.T.);
#1419=EDGE_CURVE('',#1155,#1154,#410,.T.);
#1420=EDGE_CURVE('',#1156,#1155,#411,.T.);
#1421=EDGE_CURVE('',#1157,#1156,#1086,.T.);
#1422=EDGE_CURVE('',#1158,#1157,#412,.T.);
#1423=EDGE_CURVE('',#1159,#1158,#413,.T.);
#1424=EDGE_CURVE('',#1160,#1159,#414,.T.);
#1425=EDGE_CURVE('',#1161,#1160,#1087,.T.);
#1426=EDGE_CURVE('',#1162,#1161,#415,.T.);
#1427=EDGE_CURVE('',#1163,#1162,#416,.T.);
#1428=EDGE_CURVE('',#1164,#1163,#1088,.T.);
#1429=EDGE_CURVE('',#1165,#1164,#417,.T.);
#1430=EDGE_CURVE('',#1166,#1165,#1089,.T.);
#1431=EDGE_CURVE('',#1166,#1167,#418,.T.);
#1432=EDGE_CURVE('',#1168,#1167,#1090,.T.);
#1433=EDGE_CURVE('',#1169,#1168,#419,.T.);
#1434=EDGE_CURVE('',#1170,#1169,#420,.T.);
#1435=EDGE_CURVE('',#1171,#1170,#1091,.T.);
#1436=EDGE_CURVE('',#1172,#1171,#421,.T.);
#1437=EDGE_CURVE('',#1136,#1172,#422,.T.);
#1438=EDGE_CURVE('',#1173,#1134,#423,.T.);
#1439=EDGE_CURVE('',#1137,#1173,#424,.T.);
#1440=EDGE_CURVE('',#1173,#1174,#1092,.T.);
#1441=EDGE_CURVE('',#1174,#1138,#425,.T.);
#1442=EDGE_CURVE('',#1175,#1176,#1093,.T.);
#1443=EDGE_CURVE('',#1176,#1141,#426,.T.);
#1444=EDGE_CURVE('',#1140,#1175,#427,.T.);
#1445=EDGE_CURVE('',#1139,#1177,#428,.T.);
#1446=EDGE_CURVE('',#1175,#1177,#429,.T.);
#1447=EDGE_CURVE('',#1178,#1179,#1094,.T.);
#1448=EDGE_CURVE('',#1179,#1144,#430,.T.);
#1449=EDGE_CURVE('',#1143,#1178,#431,.T.);
#1450=EDGE_CURVE('',#1180,#1179,#432,.T.);
#1451=EDGE_CURVE('',#1145,#1180,#433,.T.);
#1452=EDGE_CURVE('',#1180,#1181,#1095,.T.);
#1453=EDGE_CURVE('',#1181,#1146,#434,.T.);
#1454=EDGE_CURVE('',#1182,#1183,#1096,.T.);
#1455=EDGE_CURVE('',#1183,#1149,#435,.T.);
#1456=EDGE_CURVE('',#1148,#1182,#436,.T.);
#1457=EDGE_CURVE('',#1147,#1184,#437,.T.);
#1458=EDGE_CURVE('',#1182,#1184,#438,.T.);
#1459=EDGE_CURVE('',#1185,#1186,#1097,.T.);
#1460=EDGE_CURVE('',#1186,#1152,#439,.T.);
#1461=EDGE_CURVE('',#1151,#1185,#440,.T.);
#1462=EDGE_CURVE('',#1187,#1186,#441,.T.);
#1463=EDGE_CURVE('',#1153,#1187,#442,.T.);
#1464=EDGE_CURVE('',#1187,#1188,#1098,.T.);
#1465=EDGE_CURVE('',#1188,#1154,#443,.T.);
#1466=EDGE_CURVE('',#1189,#1190,#1099,.T.);
#1467=EDGE_CURVE('',#1190,#1157,#444,.T.);
#1468=EDGE_CURVE('',#1156,#1189,#445,.T.);
#1469=EDGE_CURVE('',#1155,#1191,#446,.T.);
#1470=EDGE_CURVE('',#1189,#1191,#447,.T.);
#1471=EDGE_CURVE('',#1192,#1193,#1100,.T.);
#1472=EDGE_CURVE('',#1193,#1161,#448,.T.);
#1473=EDGE_CURVE('',#1160,#1192,#449,.T.);
#1474=EDGE_CURVE('',#1159,#1194,#450,.T.);
#1475=EDGE_CURVE('',#1192,#1194,#451,.T.);
#1476=EDGE_CURVE('',#1195,#1196,#1101,.T.);
#1477=EDGE_CURVE('',#1196,#1164,#452,.T.);
#1478=EDGE_CURVE('',#1163,#1195,#453,.T.);
#1479=EDGE_CURVE('',#1197,#1196,#454,.T.);
#1480=EDGE_CURVE('',#1165,#1197,#455,.T.);
#1481=EDGE_CURVE('',#1197,#1198,#1102,.T.);
#1482=EDGE_CURVE('',#1198,#1166,#456,.T.);
#1483=EDGE_CURVE('',#1199,#1200,#1103,.T.);
#1484=EDGE_CURVE('',#1200,#1171,#457,.T.);
#1485=EDGE_CURVE('',#1170,#1199,#458,.T.);
#1486=EDGE_CURVE('',#1169,#1201,#459,.T.);
#1487=EDGE_CURVE('',#1199,#1201,#460,.T.);
#1488=EDGE_CURVE('',#1202,#1203,#1104,.T.);
#1489=EDGE_CURVE('',#1203,#1168,#461,.T.);
#1490=EDGE_CURVE('',#1167,#1202,#462,.T.);
#1491=EDGE_CURVE('',#1201,#1203,#463,.T.);
#1492=EDGE_CURVE('',#1204,#1205,#464,.T.);
#1493=EDGE_CURVE('',#1206,#1204,#465,.T.);
#1494=EDGE_CURVE('',#1207,#1206,#466,.T.);
#1495=EDGE_CURVE('',#1207,#1205,#467,.T.);
#1496=EDGE_CURVE('',#1205,#1208,#468,.T.);
#1497=EDGE_CURVE('',#1209,#1207,#469,.T.);
#1498=EDGE_CURVE('',#1208,#1209,#470,.T.);
#1499=EDGE_CURVE('',#1210,#1204,#471,.T.);
#1500=EDGE_CURVE('',#1211,#1210,#472,.T.);
#1501=EDGE_CURVE('',#1206,#1211,#473,.T.);
#1502=EDGE_CURVE('',#1212,#1208,#474,.T.);
#1503=EDGE_CURVE('',#1213,#1212,#475,.T.);
#1504=EDGE_CURVE('',#1214,#1213,#476,.T.);
#1505=EDGE_CURVE('',#1214,#1215,#477,.T.);
#1506=EDGE_CURVE('',#1210,#1215,#478,.T.);
#1507=EDGE_CURVE('',#1216,#1217,#479,.T.);
#1508=EDGE_CURVE('',#1216,#1218,#480,.T.);
#1509=EDGE_CURVE('',#1219,#1218,#481,.T.);
#1510=EDGE_CURVE('',#1217,#1219,#482,.T.);
#1511=EDGE_CURVE('',#1220,#1216,#483,.T.);
#1512=EDGE_CURVE('',#1220,#1221,#484,.T.);
#1513=EDGE_CURVE('',#1218,#1221,#485,.T.);
#1514=EDGE_CURVE('',#1222,#1220,#486,.T.);
#1515=EDGE_CURVE('',#1222,#1223,#487,.T.);
#1516=EDGE_CURVE('',#1221,#1223,#488,.T.);
#1517=EDGE_CURVE('',#1224,#1222,#489,.T.);
#1518=EDGE_CURVE('',#1224,#1225,#490,.T.);
#1519=EDGE_CURVE('',#1223,#1225,#491,.T.);
#1520=EDGE_CURVE('',#1226,#1224,#492,.T.);
#1521=EDGE_CURVE('',#1226,#1227,#493,.T.);
#1522=EDGE_CURVE('',#1225,#1227,#494,.T.);
#1523=EDGE_CURVE('',#1228,#1226,#495,.T.);
#1524=EDGE_CURVE('',#1228,#1229,#496,.T.);
#1525=EDGE_CURVE('',#1227,#1229,#497,.T.);
#1526=EDGE_CURVE('',#1230,#1228,#498,.T.);
#1527=EDGE_CURVE('',#1230,#1231,#499,.T.);
#1528=EDGE_CURVE('',#1229,#1231,#500,.T.);
#1529=EDGE_CURVE('',#1232,#1230,#501,.T.);
#1530=EDGE_CURVE('',#1232,#1233,#502,.T.);
#1531=EDGE_CURVE('',#1231,#1233,#503,.T.);
#1532=EDGE_CURVE('',#1234,#1232,#504,.T.);
#1533=EDGE_CURVE('',#1234,#1235,#505,.T.);
#1534=EDGE_CURVE('',#1233,#1235,#506,.T.);
#1535=EDGE_CURVE('',#1236,#1234,#507,.T.);
#1536=EDGE_CURVE('',#1236,#1237,#508,.T.);
#1537=EDGE_CURVE('',#1235,#1237,#509,.T.);
#1538=EDGE_CURVE('',#1238,#1236,#510,.T.);
#1539=EDGE_CURVE('',#1238,#1239,#511,.T.);
#1540=EDGE_CURVE('',#1237,#1239,#512,.T.);
#1541=EDGE_CURVE('',#1240,#1238,#513,.T.);
#1542=EDGE_CURVE('',#1240,#1241,#514,.T.);
#1543=EDGE_CURVE('',#1239,#1241,#515,.T.);
#1544=EDGE_CURVE('',#1217,#1242,#516,.T.);
#1545=EDGE_CURVE('',#1243,#1219,#517,.T.);
#1546=EDGE_CURVE('',#1242,#1243,#518,.T.);
#1547=EDGE_CURVE('',#1242,#1214,#519,.T.);
#1548=EDGE_CURVE('',#1215,#1243,#520,.T.);
#1549=EDGE_CURVE('',#1213,#1244,#521,.T.);
#1550=EDGE_CURVE('',#1245,#1212,#522,.T.);
#1551=EDGE_CURVE('',#1244,#1245,#523,.T.);
#1552=EDGE_CURVE('',#1244,#1246,#524,.T.);
#1553=EDGE_CURVE('',#1247,#1245,#525,.T.);
#1554=EDGE_CURVE('',#1246,#1247,#526,.T.);
#1555=EDGE_CURVE('',#1246,#1248,#527,.T.);
#1556=EDGE_CURVE('',#1249,#1247,#528,.T.);
#1557=EDGE_CURVE('',#1248,#1249,#529,.T.);
#1558=EDGE_CURVE('',#1248,#1250,#530,.T.);
#1559=EDGE_CURVE('',#1251,#1249,#531,.T.);
#1560=EDGE_CURVE('',#1250,#1251,#532,.T.);
#1561=EDGE_CURVE('',#1250,#1252,#533,.T.);
#1562=EDGE_CURVE('',#1253,#1251,#534,.T.);
#1563=EDGE_CURVE('',#1252,#1253,#535,.T.);
#1564=EDGE_CURVE('',#1252,#1254,#536,.T.);
#1565=EDGE_CURVE('',#1255,#1253,#537,.T.);
#1566=EDGE_CURVE('',#1254,#1255,#538,.T.);
#1567=EDGE_CURVE('',#1254,#1256,#539,.T.);
#1568=EDGE_CURVE('',#1257,#1255,#540,.T.);
#1569=EDGE_CURVE('',#1256,#1257,#541,.T.);
#1570=EDGE_CURVE('',#1256,#1258,#542,.T.);
#1571=EDGE_CURVE('',#1259,#1257,#543,.T.);
#1572=EDGE_CURVE('',#1258,#1259,#544,.T.);
#1573=EDGE_CURVE('',#1258,#1240,#545,.T.);
#1574=EDGE_CURVE('',#1241,#1259,#546,.T.);
#1575=EDGE_CURVE('',#1202,#1198,#547,.T.);
#1576=EDGE_CURVE('',#1260,#1200,#548,.T.);
#1577=EDGE_CURVE('',#1172,#1260,#549,.T.);
#1578=EDGE_CURVE('',#1133,#1260,#550,.T.);
#1579=EDGE_CURVE('',#1177,#1174,#551,.T.);
#1580=EDGE_CURVE('',#1261,#1176,#552,.T.);
#1581=EDGE_CURVE('',#1142,#1261,#553,.T.);
#1582=EDGE_CURVE('',#1209,#1261,#554,.T.);
#1583=EDGE_CURVE('',#1178,#1211,#555,.T.);
#1584=EDGE_CURVE('',#1184,#1181,#556,.T.);
#1585=EDGE_CURVE('',#1262,#1183,#557,.T.);
#1586=EDGE_CURVE('',#1150,#1262,#558,.T.);
#1587=EDGE_CURVE('',#1185,#1262,#559,.T.);
#1588=EDGE_CURVE('',#1191,#1188,#560,.T.);
#1589=EDGE_CURVE('',#1263,#1190,#561,.T.);
#1590=EDGE_CURVE('',#1158,#1263,#562,.T.);
#1591=EDGE_CURVE('',#1194,#1263,#563,.T.);
#1592=EDGE_CURVE('',#1264,#1193,#564,.T.);
#1593=EDGE_CURVE('',#1162,#1264,#565,.T.);
#1594=EDGE_CURVE('',#1195,#1264,#566,.T.);
#1595=EDGE_CURVE('',#1265,#1266,#1105,.T.);
#1596=EDGE_CURVE('',#1266,#1267,#567,.T.);
#1597=EDGE_CURVE('',#1267,#1268,#1106,.T.);
#1598=EDGE_CURVE('',#1268,#1265,#568,.T.);
#1599=EDGE_CURVE('',#1269,#1268,#569,.T.);
#1600=EDGE_CURVE('',#1270,#1269,#570,.T.);
#1601=EDGE_CURVE('',#1270,#1265,#571,.T.);
#1602=EDGE_CURVE('',#1267,#1271,#572,.T.);
#1603=EDGE_CURVE('',#1271,#1272,#573,.T.);
#1604=EDGE_CURVE('',#1273,#1272,#1107,.T.);
#1605=EDGE_CURVE('',#1273,#1274,#574,.T.);
#1606=EDGE_CURVE('',#1274,#1275,#575,.T.);
#1607=EDGE_CURVE('',#1276,#1275,#1108,.T.);
#1608=EDGE_CURVE('',#1276,#1277,#576,.T.);
#1609=EDGE_CURVE('',#1278,#1277,#1109,.T.);
#1610=EDGE_CURVE('',#1278,#1279,#577,.T.);
#1611=EDGE_CURVE('',#1279,#1280,#578,.T.);
#1612=EDGE_CURVE('',#1281,#1280,#1110,.T.);
#1613=EDGE_CURVE('',#1281,#1282,#579,.T.);
#1614=EDGE_CURVE('',#1282,#1283,#580,.T.);
#1615=EDGE_CURVE('',#1284,#1283,#1111,.T.);
#1616=EDGE_CURVE('',#1285,#1284,#581,.T.);
#1617=EDGE_CURVE('',#1286,#1285,#1112,.T.);
#1618=EDGE_CURVE('',#1286,#1287,#582,.T.);
#1619=EDGE_CURVE('',#1288,#1287,#1113,.T.);
#1620=EDGE_CURVE('',#1288,#1289,#583,.T.);
#1621=EDGE_CURVE('',#1289,#1290,#584,.T.);
#1622=EDGE_CURVE('',#1291,#1290,#1114,.T.);
#1623=EDGE_CURVE('',#1291,#1292,#585,.T.);
#1624=EDGE_CURVE('',#1292,#1293,#586,.T.);
#1625=EDGE_CURVE('',#1293,#1294,#587,.T.);
#1626=EDGE_CURVE('',#1295,#1294,#1115,.T.);
#1627=EDGE_CURVE('',#1295,#1296,#588,.T.);
#1628=EDGE_CURVE('',#1296,#1297,#589,.T.);
#1629=EDGE_CURVE('',#1298,#1297,#1116,.T.);
#1630=EDGE_CURVE('',#1298,#1299,#590,.T.);
#1631=EDGE_CURVE('',#1300,#1299,#1117,.T.);
#1632=EDGE_CURVE('',#1300,#1301,#591,.T.);
#1633=EDGE_CURVE('',#1301,#1302,#592,.T.);
#1634=EDGE_CURVE('',#1303,#1302,#1118,.T.);
#1635=EDGE_CURVE('',#1303,#1304,#593,.T.);
#1636=EDGE_CURVE('',#1304,#1305,#594,.T.);
#1637=EDGE_CURVE('',#1269,#1305,#1119,.T.);
#1638=EDGE_CURVE('',#1306,#1307,#1120,.T.);
#1639=EDGE_CURVE('',#1307,#1273,#595,.T.);
#1640=EDGE_CURVE('',#1272,#1306,#596,.T.);
#1641=EDGE_CURVE('',#1271,#1308,#597,.T.);
#1642=EDGE_CURVE('',#1308,#1306,#598,.T.);
#1643=EDGE_CURVE('',#1309,#1310,#1121,.T.);
#1644=EDGE_CURVE('',#1310,#1276,#599,.T.);
#1645=EDGE_CURVE('',#1275,#1309,#600,.T.);
#1646=EDGE_CURVE('',#1310,#1311,#601,.T.);
#1647=EDGE_CURVE('',#1277,#1311,#602,.T.);
#1648=EDGE_CURVE('',#1311,#1312,#1122,.T.);
#1649=EDGE_CURVE('',#1312,#1278,#603,.T.);
#1650=EDGE_CURVE('',#1313,#1314,#1123,.T.);
#1651=EDGE_CURVE('',#1314,#1281,#604,.T.);
#1652=EDGE_CURVE('',#1280,#1313,#605,.T.);
#1653=EDGE_CURVE('',#1279,#1315,#606,.T.);
#1654=EDGE_CURVE('',#1315,#1313,#607,.T.);
#1655=EDGE_CURVE('',#1316,#1317,#1124,.T.);
#1656=EDGE_CURVE('',#1317,#1284,#608,.T.);
#1657=EDGE_CURVE('',#1283,#1316,#609,.T.);
#1658=EDGE_CURVE('',#1282,#1318,#610,.T.);
#1659=EDGE_CURVE('',#1318,#1316,#611,.T.);
#1660=EDGE_CURVE('',#1319,#1270,#1125,.T.);
#1661=EDGE_CURVE('',#1305,#1319,#612,.T.);
#1662=EDGE_CURVE('',#1304,#1320,#613,.T.);
#1663=EDGE_CURVE('',#1320,#1319,#614,.T.);
#1664=EDGE_CURVE('',#1321,#1322,#1126,.T.);
#1665=EDGE_CURVE('',#1322,#1303,#615,.T.);
#1666=EDGE_CURVE('',#1302,#1321,#616,.T.);
#1667=EDGE_CURVE('',#1301,#1323,#617,.T.);
#1668=EDGE_CURVE('',#1323,#1321,#618,.T.);
#1669=EDGE_CURVE('',#1324,#1325,#1127,.T.);
#1670=EDGE_CURVE('',#1325,#1300,#619,.T.);
#1671=EDGE_CURVE('',#1299,#1324,#620,.T.);
#1672=EDGE_CURVE('',#1326,#1298,#621,.T.);
#1673=EDGE_CURVE('',#1326,#1324,#622,.T.);
#1674=EDGE_CURVE('',#1327,#1326,#1128,.T.);
#1675=EDGE_CURVE('',#1297,#1327,#623,.T.);
#1676=EDGE_CURVE('',#1296,#1328,#624,.T.);
#1677=EDGE_CURVE('',#1328,#1327,#625,.T.);
#1678=EDGE_CURVE('',#1329,#1330,#1129,.T.);
#1679=EDGE_CURVE('',#1330,#1295,#626,.T.);
#1680=EDGE_CURVE('',#1294,#1329,#627,.T.);
#1681=EDGE_CURVE('',#1293,#1331,#628,.T.);
#1682=EDGE_CURVE('',#1331,#1329,#629,.T.);
#1683=EDGE_CURVE('',#1332,#1333,#1130,.T.);
#1684=EDGE_CURVE('',#1333,#1291,#630,.T.);
#1685=EDGE_CURVE('',#1290,#1332,#631,.T.);
#1686=EDGE_CURVE('',#1289,#1334,#632,.T.);
#1687=EDGE_CURVE('',#1334,#1332,#633,.T.);
#1688=EDGE_CURVE('',#1335,#1336,#1131,.T.);
#1689=EDGE_CURVE('',#1336,#1288,#634,.T.);
#1690=EDGE_CURVE('',#1287,#1335,#635,.T.);
#1691=EDGE_CURVE('',#1337,#1286,#636,.T.);
#1692=EDGE_CURVE('',#1337,#1335,#637,.T.);
#1693=EDGE_CURVE('',#1338,#1337,#1132,.T.);
#1694=EDGE_CURVE('',#1285,#1338,#638,.T.);
#1695=EDGE_CURVE('',#1339,#1340,#639,.T.);
#1696=EDGE_CURVE('',#1341,#1339,#640,.T.);
#1697=EDGE_CURVE('',#1342,#1341,#641,.T.);
#1698=EDGE_CURVE('',#1342,#1340,#642,.T.);
#1699=EDGE_CURVE('',#1340,#1343,#643,.T.);
#1700=EDGE_CURVE('',#1344,#1342,#644,.T.);
#1701=EDGE_CURVE('',#1343,#1344,#645,.T.);
#1702=EDGE_CURVE('',#1345,#1339,#646,.T.);
#1703=EDGE_CURVE('',#1346,#1345,#647,.T.);
#1704=EDGE_CURVE('',#1341,#1346,#648,.T.);
#1705=EDGE_CURVE('',#1343,#1347,#649,.T.);
#1706=EDGE_CURVE('',#1348,#1347,#650,.T.);
#1707=EDGE_CURVE('',#1348,#1349,#651,.T.);
#1708=EDGE_CURVE('',#1349,#1350,#652,.T.);
#1709=EDGE_CURVE('',#1350,#1345,#653,.T.);
#1710=EDGE_CURVE('',#1351,#1352,#654,.T.);
#1711=EDGE_CURVE('',#1352,#1353,#655,.T.);
#1712=EDGE_CURVE('',#1353,#1354,#656,.T.);
#1713=EDGE_CURVE('',#1351,#1354,#657,.T.);
#1714=EDGE_CURVE('',#1355,#1351,#658,.T.);
#1715=EDGE_CURVE('',#1354,#1356,#659,.T.);
#1716=EDGE_CURVE('',#1355,#1356,#660,.T.);
#1717=EDGE_CURVE('',#1357,#1355,#661,.T.);
#1718=EDGE_CURVE('',#1356,#1358,#662,.T.);
#1719=EDGE_CURVE('',#1357,#1358,#663,.T.);
#1720=EDGE_CURVE('',#1359,#1357,#664,.T.);
#1721=EDGE_CURVE('',#1358,#1360,#665,.T.);
#1722=EDGE_CURVE('',#1359,#1360,#666,.T.);
#1723=EDGE_CURVE('',#1361,#1359,#667,.T.);
#1724=EDGE_CURVE('',#1360,#1362,#668,.T.);
#1725=EDGE_CURVE('',#1361,#1362,#669,.T.);
#1726=EDGE_CURVE('',#1363,#1361,#670,.T.);
#1727=EDGE_CURVE('',#1362,#1364,#671,.T.);
#1728=EDGE_CURVE('',#1363,#1364,#672,.T.);
#1729=EDGE_CURVE('',#1365,#1363,#673,.T.);
#1730=EDGE_CURVE('',#1364,#1366,#674,.T.);
#1731=EDGE_CURVE('',#1365,#1366,#675,.T.);
#1732=EDGE_CURVE('',#1367,#1365,#676,.T.);
#1733=EDGE_CURVE('',#1366,#1368,#677,.T.);
#1734=EDGE_CURVE('',#1367,#1368,#678,.T.);
#1735=EDGE_CURVE('',#1369,#1367,#679,.T.);
#1736=EDGE_CURVE('',#1368,#1370,#680,.T.);
#1737=EDGE_CURVE('',#1369,#1370,#681,.T.);
#1738=EDGE_CURVE('',#1371,#1369,#682,.T.);
#1739=EDGE_CURVE('',#1370,#1372,#683,.T.);
#1740=EDGE_CURVE('',#1371,#1372,#684,.T.);
#1741=EDGE_CURVE('',#1373,#1371,#685,.T.);
#1742=EDGE_CURVE('',#1372,#1374,#686,.T.);
#1743=EDGE_CURVE('',#1373,#1374,#687,.T.);
#1744=EDGE_CURVE('',#1375,#1373,#688,.T.);
#1745=EDGE_CURVE('',#1374,#1376,#689,.T.);
#1746=EDGE_CURVE('',#1375,#1376,#690,.T.);
#1747=EDGE_CURVE('',#1352,#1377,#691,.T.);
#1748=EDGE_CURVE('',#1377,#1378,#692,.T.);
#1749=EDGE_CURVE('',#1378,#1353,#693,.T.);
#1750=EDGE_CURVE('',#1377,#1348,#694,.T.);
#1751=EDGE_CURVE('',#1347,#1378,#695,.T.);
#1752=EDGE_CURVE('',#1349,#1379,#696,.T.);
#1753=EDGE_CURVE('',#1379,#1380,#697,.T.);
#1754=EDGE_CURVE('',#1380,#1350,#698,.T.);
#1755=EDGE_CURVE('',#1379,#1381,#699,.T.);
#1756=EDGE_CURVE('',#1381,#1382,#700,.T.);
#1757=EDGE_CURVE('',#1382,#1380,#701,.T.);
#1758=EDGE_CURVE('',#1381,#1383,#702,.T.);
#1759=EDGE_CURVE('',#1383,#1384,#703,.T.);
#1760=EDGE_CURVE('',#1384,#1382,#704,.T.);
#1761=EDGE_CURVE('',#1383,#1385,#705,.T.);
#1762=EDGE_CURVE('',#1385,#1386,#706,.T.);
#1763=EDGE_CURVE('',#1386,#1384,#707,.T.);
#1764=EDGE_CURVE('',#1385,#1387,#708,.T.);
#1765=EDGE_CURVE('',#1387,#1388,#709,.T.);
#1766=EDGE_CURVE('',#1388,#1386,#710,.T.);
#1767=EDGE_CURVE('',#1387,#1389,#711,.T.);
#1768=EDGE_CURVE('',#1389,#1390,#712,.T.);
#1769=EDGE_CURVE('',#1390,#1388,#713,.T.);
#1770=EDGE_CURVE('',#1389,#1391,#714,.T.);
#1771=EDGE_CURVE('',#1391,#1392,#715,.T.);
#1772=EDGE_CURVE('',#1392,#1390,#716,.T.);
#1773=EDGE_CURVE('',#1391,#1393,#717,.T.);
#1774=EDGE_CURVE('',#1393,#1394,#718,.T.);
#1775=EDGE_CURVE('',#1394,#1392,#719,.T.);
#1776=EDGE_CURVE('',#1393,#1375,#720,.T.);
#1777=EDGE_CURVE('',#1376,#1394,#721,.T.);
#1778=EDGE_CURVE('',#1317,#1338,#722,.T.);
#1779=EDGE_CURVE('',#1314,#1318,#723,.T.);
#1780=EDGE_CURVE('',#1312,#1315,#724,.T.);
#1781=EDGE_CURVE('',#1274,#1395,#725,.T.);
#1782=EDGE_CURVE('',#1395,#1309,#726,.T.);
#1783=EDGE_CURVE('',#1307,#1395,#727,.T.);
#1784=EDGE_CURVE('',#1266,#1344,#728,.T.);
#1785=EDGE_CURVE('',#1346,#1308,#729,.T.);
#1786=EDGE_CURVE('',#1322,#1320,#730,.T.);
#1787=EDGE_CURVE('',#1325,#1323,#731,.T.);
#1788=EDGE_CURVE('',#1330,#1328,#732,.T.);
#1789=EDGE_CURVE('',#1292,#1396,#733,.T.);
#1790=EDGE_CURVE('',#1396,#1331,#734,.T.);
#1791=EDGE_CURVE('',#1333,#1396,#735,.T.);
#1792=EDGE_CURVE('',#1336,#1334,#736,.T.);
#1793=ORIENTED_EDGE('',*,*,#1397,.T.);
#1794=ORIENTED_EDGE('',*,*,#1398,.T.);
#1795=ORIENTED_EDGE('',*,*,#1399,.T.);
#1796=ORIENTED_EDGE('',*,*,#1400,.T.);
#1797=ORIENTED_EDGE('',*,*,#1399,.F.);
#1798=ORIENTED_EDGE('',*,*,#1401,.F.);
#1799=ORIENTED_EDGE('',*,*,#1402,.F.);
#1800=ORIENTED_EDGE('',*,*,#1403,.F.);
#1801=ORIENTED_EDGE('',*,*,#1404,.F.);
#1802=ORIENTED_EDGE('',*,*,#1405,.F.);
#1803=ORIENTED_EDGE('',*,*,#1406,.F.);
#1804=ORIENTED_EDGE('',*,*,#1407,.F.);
#1805=ORIENTED_EDGE('',*,*,#1408,.F.);
#1806=ORIENTED_EDGE('',*,*,#1409,.F.);
#1807=ORIENTED_EDGE('',*,*,#1410,.F.);
#1808=ORIENTED_EDGE('',*,*,#1411,.F.);
#1809=ORIENTED_EDGE('',*,*,#1412,.F.);
#1810=ORIENTED_EDGE('',*,*,#1413,.F.);
#1811=ORIENTED_EDGE('',*,*,#1414,.F.);
#1812=ORIENTED_EDGE('',*,*,#1415,.F.);
#1813=ORIENTED_EDGE('',*,*,#1416,.F.);
#1814=ORIENTED_EDGE('',*,*,#1417,.F.);
#1815=ORIENTED_EDGE('',*,*,#1418,.F.);
#1816=ORIENTED_EDGE('',*,*,#1419,.F.);
#1817=ORIENTED_EDGE('',*,*,#1420,.F.);
#1818=ORIENTED_EDGE('',*,*,#1421,.F.);
#1819=ORIENTED_EDGE('',*,*,#1422,.F.);
#1820=ORIENTED_EDGE('',*,*,#1423,.F.);
#1821=ORIENTED_EDGE('',*,*,#1424,.F.);
#1822=ORIENTED_EDGE('',*,*,#1425,.F.);
#1823=ORIENTED_EDGE('',*,*,#1426,.F.);
#1824=ORIENTED_EDGE('',*,*,#1427,.F.);
#1825=ORIENTED_EDGE('',*,*,#1428,.F.);
#1826=ORIENTED_EDGE('',*,*,#1429,.F.);
#1827=ORIENTED_EDGE('',*,*,#1430,.F.);
#1828=ORIENTED_EDGE('',*,*,#1431,.T.);
#1829=ORIENTED_EDGE('',*,*,#1432,.F.);
#1830=ORIENTED_EDGE('',*,*,#1433,.F.);
#1831=ORIENTED_EDGE('',*,*,#1434,.F.);
#1832=ORIENTED_EDGE('',*,*,#1435,.F.);
#1833=ORIENTED_EDGE('',*,*,#1436,.F.);
#1834=ORIENTED_EDGE('',*,*,#1437,.F.);
#1835=ORIENTED_EDGE('',*,*,#1398,.F.);
#1836=ORIENTED_EDGE('',*,*,#1438,.F.);
#1837=ORIENTED_EDGE('',*,*,#1439,.F.);
#1838=ORIENTED_EDGE('',*,*,#1401,.T.);
#1839=ORIENTED_EDGE('',*,*,#1440,.T.);
#1840=ORIENTED_EDGE('',*,*,#1441,.T.);
#1841=ORIENTED_EDGE('',*,*,#1402,.T.);
#1842=ORIENTED_EDGE('',*,*,#1439,.T.);
#1843=ORIENTED_EDGE('',*,*,#1442,.T.);
#1844=ORIENTED_EDGE('',*,*,#1443,.T.);
#1845=ORIENTED_EDGE('',*,*,#1405,.T.);
#1846=ORIENTED_EDGE('',*,*,#1444,.T.);
#1847=ORIENTED_EDGE('',*,*,#1444,.F.);
#1848=ORIENTED_EDGE('',*,*,#1404,.T.);
#1849=ORIENTED_EDGE('',*,*,#1445,.T.);
#1850=ORIENTED_EDGE('',*,*,#1446,.F.);
#1851=ORIENTED_EDGE('',*,*,#1447,.T.);
#1852=ORIENTED_EDGE('',*,*,#1448,.T.);
#1853=ORIENTED_EDGE('',*,*,#1408,.T.);
#1854=ORIENTED_EDGE('',*,*,#1449,.T.);
#1855=ORIENTED_EDGE('',*,*,#1448,.F.);
#1856=ORIENTED_EDGE('',*,*,#1450,.F.);
#1857=ORIENTED_EDGE('',*,*,#1451,.F.);
#1858=ORIENTED_EDGE('',*,*,#1409,.T.);
#1859=ORIENTED_EDGE('',*,*,#1452,.T.);
#1860=ORIENTED_EDGE('',*,*,#1453,.T.);
#1861=ORIENTED_EDGE('',*,*,#1410,.T.);
#1862=ORIENTED_EDGE('',*,*,#1451,.T.);
#1863=ORIENTED_EDGE('',*,*,#1454,.T.);
#1864=ORIENTED_EDGE('',*,*,#1455,.T.);
#1865=ORIENTED_EDGE('',*,*,#1413,.T.);
#1866=ORIENTED_EDGE('',*,*,#1456,.T.);
#1867=ORIENTED_EDGE('',*,*,#1456,.F.);
#1868=ORIENTED_EDGE('',*,*,#1412,.T.);
#1869=ORIENTED_EDGE('',*,*,#1457,.T.);
#1870=ORIENTED_EDGE('',*,*,#1458,.F.);
#1871=ORIENTED_EDGE('',*,*,#1459,.T.);
#1872=ORIENTED_EDGE('',*,*,#1460,.T.);
#1873=ORIENTED_EDGE('',*,*,#1416,.T.);
#1874=ORIENTED_EDGE('',*,*,#1461,.T.);
#1875=ORIENTED_EDGE('',*,*,#1460,.F.);
#1876=ORIENTED_EDGE('',*,*,#1462,.F.);
#1877=ORIENTED_EDGE('',*,*,#1463,.F.);
#1878=ORIENTED_EDGE('',*,*,#1417,.T.);
#1879=ORIENTED_EDGE('',*,*,#1464,.T.);
#1880=ORIENTED_EDGE('',*,*,#1465,.T.);
#1881=ORIENTED_EDGE('',*,*,#1418,.T.);
#1882=ORIENTED_EDGE('',*,*,#1463,.T.);
#1883=ORIENTED_EDGE('',*,*,#1466,.T.);
#1884=ORIENTED_EDGE('',*,*,#1467,.T.);
#1885=ORIENTED_EDGE('',*,*,#1421,.T.);
#1886=ORIENTED_EDGE('',*,*,#1468,.T.);
#1887=ORIENTED_EDGE('',*,*,#1468,.F.);
#1888=ORIENTED_EDGE('',*,*,#1420,.T.);
#1889=ORIENTED_EDGE('',*,*,#1469,.T.);
#1890=ORIENTED_EDGE('',*,*,#1470,.F.);
#1891=ORIENTED_EDGE('',*,*,#1471,.T.);
#1892=ORIENTED_EDGE('',*,*,#1472,.T.);
#1893=ORIENTED_EDGE('',*,*,#1425,.T.);
#1894=ORIENTED_EDGE('',*,*,#1473,.T.);
#1895=ORIENTED_EDGE('',*,*,#1473,.F.);
#1896=ORIENTED_EDGE('',*,*,#1424,.T.);
#1897=ORIENTED_EDGE('',*,*,#1474,.T.);
#1898=ORIENTED_EDGE('',*,*,#1475,.F.);
#1899=ORIENTED_EDGE('',*,*,#1476,.T.);
#1900=ORIENTED_EDGE('',*,*,#1477,.T.);
#1901=ORIENTED_EDGE('',*,*,#1428,.T.);
#1902=ORIENTED_EDGE('',*,*,#1478,.T.);
#1903=ORIENTED_EDGE('',*,*,#1477,.F.);
#1904=ORIENTED_EDGE('',*,*,#1479,.F.);
#1905=ORIENTED_EDGE('',*,*,#1480,.F.);
#1906=ORIENTED_EDGE('',*,*,#1429,.T.);
#1907=ORIENTED_EDGE('',*,*,#1481,.T.);
#1908=ORIENTED_EDGE('',*,*,#1482,.T.);
#1909=ORIENTED_EDGE('',*,*,#1430,.T.);
#1910=ORIENTED_EDGE('',*,*,#1480,.T.);
#1911=ORIENTED_EDGE('',*,*,#1483,.T.);
#1912=ORIENTED_EDGE('',*,*,#1484,.T.);
#1913=ORIENTED_EDGE('',*,*,#1435,.T.);
#1914=ORIENTED_EDGE('',*,*,#1485,.T.);
#1915=ORIENTED_EDGE('',*,*,#1485,.F.);
#1916=ORIENTED_EDGE('',*,*,#1434,.T.);
#1917=ORIENTED_EDGE('',*,*,#1486,.T.);
#1918=ORIENTED_EDGE('',*,*,#1487,.F.);
#1919=ORIENTED_EDGE('',*,*,#1488,.T.);
#1920=ORIENTED_EDGE('',*,*,#1489,.T.);
#1921=ORIENTED_EDGE('',*,*,#1432,.T.);
#1922=ORIENTED_EDGE('',*,*,#1490,.T.);
#1923=ORIENTED_EDGE('',*,*,#1489,.F.);
#1924=ORIENTED_EDGE('',*,*,#1491,.F.);
#1925=ORIENTED_EDGE('',*,*,#1486,.F.);
#1926=ORIENTED_EDGE('',*,*,#1433,.T.);
#1927=ORIENTED_EDGE('',*,*,#1492,.F.);
#1928=ORIENTED_EDGE('',*,*,#1493,.F.);
#1929=ORIENTED_EDGE('',*,*,#1494,.F.);
#1930=ORIENTED_EDGE('',*,*,#1495,.T.);
#1931=ORIENTED_EDGE('',*,*,#1496,.F.);
#1932=ORIENTED_EDGE('',*,*,#1495,.F.);
#1933=ORIENTED_EDGE('',*,*,#1497,.F.);
#1934=ORIENTED_EDGE('',*,*,#1498,.F.);
#1935=ORIENTED_EDGE('',*,*,#1499,.F.);
#1936=ORIENTED_EDGE('',*,*,#1500,.F.);
#1937=ORIENTED_EDGE('',*,*,#1501,.F.);
#1938=ORIENTED_EDGE('',*,*,#1493,.T.);
#1939=ORIENTED_EDGE('',*,*,#1499,.T.);
#1940=ORIENTED_EDGE('',*,*,#1492,.T.);
#1941=ORIENTED_EDGE('',*,*,#1496,.T.);
#1942=ORIENTED_EDGE('',*,*,#1502,.F.);
#1943=ORIENTED_EDGE('',*,*,#1503,.F.);
#1944=ORIENTED_EDGE('',*,*,#1504,.F.);
#1945=ORIENTED_EDGE('',*,*,#1505,.T.);
#1946=ORIENTED_EDGE('',*,*,#1506,.F.);
#1947=ORIENTED_EDGE('',*,*,#1507,.F.);
#1948=ORIENTED_EDGE('',*,*,#1508,.T.);
#1949=ORIENTED_EDGE('',*,*,#1509,.F.);
#1950=ORIENTED_EDGE('',*,*,#1510,.F.);
#1951=ORIENTED_EDGE('',*,*,#1511,.F.);
#1952=ORIENTED_EDGE('',*,*,#1512,.T.);
#1953=ORIENTED_EDGE('',*,*,#1513,.F.);
#1954=ORIENTED_EDGE('',*,*,#1508,.F.);
#1955=ORIENTED_EDGE('',*,*,#1514,.F.);
#1956=ORIENTED_EDGE('',*,*,#1515,.T.);
#1957=ORIENTED_EDGE('',*,*,#1516,.F.);
#1958=ORIENTED_EDGE('',*,*,#1512,.F.);
#1959=ORIENTED_EDGE('',*,*,#1517,.F.);
#1960=ORIENTED_EDGE('',*,*,#1518,.T.);
#1961=ORIENTED_EDGE('',*,*,#1519,.F.);
#1962=ORIENTED_EDGE('',*,*,#1515,.F.);
#1963=ORIENTED_EDGE('',*,*,#1520,.F.);
#1964=ORIENTED_EDGE('',*,*,#1521,.T.);
#1965=ORIENTED_EDGE('',*,*,#1522,.F.);
#1966=ORIENTED_EDGE('',*,*,#1518,.F.);
#1967=ORIENTED_EDGE('',*,*,#1523,.F.);
#1968=ORIENTED_EDGE('',*,*,#1524,.T.);
#1969=ORIENTED_EDGE('',*,*,#1525,.F.);
#1970=ORIENTED_EDGE('',*,*,#1521,.F.);
#1971=ORIENTED_EDGE('',*,*,#1526,.F.);
#1972=ORIENTED_EDGE('',*,*,#1527,.T.);
#1973=ORIENTED_EDGE('',*,*,#1528,.F.);
#1974=ORIENTED_EDGE('',*,*,#1524,.F.);
#1975=ORIENTED_EDGE('',*,*,#1529,.F.);
#1976=ORIENTED_EDGE('',*,*,#1530,.T.);
#1977=ORIENTED_EDGE('',*,*,#1531,.F.);
#1978=ORIENTED_EDGE('',*,*,#1527,.F.);
#1979=ORIENTED_EDGE('',*,*,#1532,.F.);
#1980=ORIENTED_EDGE('',*,*,#1533,.T.);
#1981=ORIENTED_EDGE('',*,*,#1534,.F.);
#1982=ORIENTED_EDGE('',*,*,#1530,.F.);
#1983=ORIENTED_EDGE('',*,*,#1535,.F.);
#1984=ORIENTED_EDGE('',*,*,#1536,.T.);
#1985=ORIENTED_EDGE('',*,*,#1537,.F.);
#1986=ORIENTED_EDGE('',*,*,#1533,.F.);
#1987=ORIENTED_EDGE('',*,*,#1538,.F.);
#1988=ORIENTED_EDGE('',*,*,#1539,.T.);
#1989=ORIENTED_EDGE('',*,*,#1540,.F.);
#1990=ORIENTED_EDGE('',*,*,#1536,.F.);
#1991=ORIENTED_EDGE('',*,*,#1541,.F.);
#1992=ORIENTED_EDGE('',*,*,#1542,.T.);
#1993=ORIENTED_EDGE('',*,*,#1543,.F.);
#1994=ORIENTED_EDGE('',*,*,#1539,.F.);
#1995=ORIENTED_EDGE('',*,*,#1544,.F.);
#1996=ORIENTED_EDGE('',*,*,#1510,.T.);
#1997=ORIENTED_EDGE('',*,*,#1545,.F.);
#1998=ORIENTED_EDGE('',*,*,#1546,.F.);
#1999=ORIENTED_EDGE('',*,*,#1547,.F.);
#2000=ORIENTED_EDGE('',*,*,#1546,.T.);
#2001=ORIENTED_EDGE('',*,*,#1548,.F.);
#2002=ORIENTED_EDGE('',*,*,#1505,.F.);
#2003=ORIENTED_EDGE('',*,*,#1549,.F.);
#2004=ORIENTED_EDGE('',*,*,#1503,.T.);
#2005=ORIENTED_EDGE('',*,*,#1550,.F.);
#2006=ORIENTED_EDGE('',*,*,#1551,.F.);
#2007=ORIENTED_EDGE('',*,*,#1552,.F.);
#2008=ORIENTED_EDGE('',*,*,#1551,.T.);
#2009=ORIENTED_EDGE('',*,*,#1553,.F.);
#2010=ORIENTED_EDGE('',*,*,#1554,.F.);
#2011=ORIENTED_EDGE('',*,*,#1555,.F.);
#2012=ORIENTED_EDGE('',*,*,#1554,.T.);
#2013=ORIENTED_EDGE('',*,*,#1556,.F.);
#2014=ORIENTED_EDGE('',*,*,#1557,.F.);
#2015=ORIENTED_EDGE('',*,*,#1558,.F.);
#2016=ORIENTED_EDGE('',*,*,#1557,.T.);
#2017=ORIENTED_EDGE('',*,*,#1559,.F.);
#2018=ORIENTED_EDGE('',*,*,#1560,.F.);
#2019=ORIENTED_EDGE('',*,*,#1561,.F.);
#2020=ORIENTED_EDGE('',*,*,#1560,.T.);
#2021=ORIENTED_EDGE('',*,*,#1562,.F.);
#2022=ORIENTED_EDGE('',*,*,#1563,.F.);
#2023=ORIENTED_EDGE('',*,*,#1564,.F.);
#2024=ORIENTED_EDGE('',*,*,#1563,.T.);
#2025=ORIENTED_EDGE('',*,*,#1565,.F.);
#2026=ORIENTED_EDGE('',*,*,#1566,.F.);
#2027=ORIENTED_EDGE('',*,*,#1567,.F.);
#2028=ORIENTED_EDGE('',*,*,#1566,.T.);
#2029=ORIENTED_EDGE('',*,*,#1568,.F.);
#2030=ORIENTED_EDGE('',*,*,#1569,.F.);
#2031=ORIENTED_EDGE('',*,*,#1570,.F.);
#2032=ORIENTED_EDGE('',*,*,#1569,.T.);
#2033=ORIENTED_EDGE('',*,*,#1571,.F.);
#2034=ORIENTED_EDGE('',*,*,#1572,.F.);
#2035=ORIENTED_EDGE('',*,*,#1573,.F.);
#2036=ORIENTED_EDGE('',*,*,#1572,.T.);
#2037=ORIENTED_EDGE('',*,*,#1574,.F.);
#2038=ORIENTED_EDGE('',*,*,#1542,.F.);
#2039=ORIENTED_EDGE('',*,*,#1482,.F.);
#2040=ORIENTED_EDGE('',*,*,#1575,.F.);
#2041=ORIENTED_EDGE('',*,*,#1490,.F.);
#2042=ORIENTED_EDGE('',*,*,#1431,.F.);
#2043=ORIENTED_EDGE('',*,*,#1484,.F.);
#2044=ORIENTED_EDGE('',*,*,#1576,.F.);
#2045=ORIENTED_EDGE('',*,*,#1577,.F.);
#2046=ORIENTED_EDGE('',*,*,#1436,.T.);
#2047=ORIENTED_EDGE('',*,*,#1400,.F.);
#2048=ORIENTED_EDGE('',*,*,#1437,.T.);
#2049=ORIENTED_EDGE('',*,*,#1577,.T.);
#2050=ORIENTED_EDGE('',*,*,#1578,.F.);
#2051=ORIENTED_EDGE('',*,*,#1441,.F.);
#2052=ORIENTED_EDGE('',*,*,#1579,.F.);
#2053=ORIENTED_EDGE('',*,*,#1445,.F.);
#2054=ORIENTED_EDGE('',*,*,#1403,.T.);
#2055=ORIENTED_EDGE('',*,*,#1443,.F.);
#2056=ORIENTED_EDGE('',*,*,#1580,.F.);
#2057=ORIENTED_EDGE('',*,*,#1581,.F.);
#2058=ORIENTED_EDGE('',*,*,#1406,.T.);
#2059=ORIENTED_EDGE('',*,*,#1449,.F.);
#2060=ORIENTED_EDGE('',*,*,#1407,.T.);
#2061=ORIENTED_EDGE('',*,*,#1581,.T.);
#2062=ORIENTED_EDGE('',*,*,#1582,.F.);
#2063=ORIENTED_EDGE('',*,*,#1497,.T.);
#2064=ORIENTED_EDGE('',*,*,#1494,.T.);
#2065=ORIENTED_EDGE('',*,*,#1501,.T.);
#2066=ORIENTED_EDGE('',*,*,#1583,.F.);
#2067=ORIENTED_EDGE('',*,*,#1453,.F.);
#2068=ORIENTED_EDGE('',*,*,#1584,.F.);
#2069=ORIENTED_EDGE('',*,*,#1457,.F.);
#2070=ORIENTED_EDGE('',*,*,#1411,.T.);
#2071=ORIENTED_EDGE('',*,*,#1455,.F.);
#2072=ORIENTED_EDGE('',*,*,#1585,.F.);
#2073=ORIENTED_EDGE('',*,*,#1586,.F.);
#2074=ORIENTED_EDGE('',*,*,#1414,.T.);
#2075=ORIENTED_EDGE('',*,*,#1461,.F.);
#2076=ORIENTED_EDGE('',*,*,#1415,.T.);
#2077=ORIENTED_EDGE('',*,*,#1586,.T.);
#2078=ORIENTED_EDGE('',*,*,#1587,.F.);
#2079=ORIENTED_EDGE('',*,*,#1465,.F.);
#2080=ORIENTED_EDGE('',*,*,#1588,.F.);
#2081=ORIENTED_EDGE('',*,*,#1469,.F.);
#2082=ORIENTED_EDGE('',*,*,#1419,.T.);
#2083=ORIENTED_EDGE('',*,*,#1467,.F.);
#2084=ORIENTED_EDGE('',*,*,#1589,.F.);
#2085=ORIENTED_EDGE('',*,*,#1590,.F.);
#2086=ORIENTED_EDGE('',*,*,#1422,.T.);
#2087=ORIENTED_EDGE('',*,*,#1423,.T.);
#2088=ORIENTED_EDGE('',*,*,#1590,.T.);
#2089=ORIENTED_EDGE('',*,*,#1591,.F.);
#2090=ORIENTED_EDGE('',*,*,#1474,.F.);
#2091=ORIENTED_EDGE('',*,*,#1472,.F.);
#2092=ORIENTED_EDGE('',*,*,#1592,.F.);
#2093=ORIENTED_EDGE('',*,*,#1593,.F.);
#2094=ORIENTED_EDGE('',*,*,#1426,.T.);
#2095=ORIENTED_EDGE('',*,*,#1478,.F.);
#2096=ORIENTED_EDGE('',*,*,#1427,.T.);
#2097=ORIENTED_EDGE('',*,*,#1593,.T.);
#2098=ORIENTED_EDGE('',*,*,#1594,.F.);
#2099=ORIENTED_EDGE('',*,*,#1397,.F.);
#2100=ORIENTED_EDGE('',*,*,#1578,.T.);
#2101=ORIENTED_EDGE('',*,*,#1576,.T.);
#2102=ORIENTED_EDGE('',*,*,#1483,.F.);
#2103=ORIENTED_EDGE('',*,*,#1487,.T.);
#2104=ORIENTED_EDGE('',*,*,#1491,.T.);
#2105=ORIENTED_EDGE('',*,*,#1488,.F.);
#2106=ORIENTED_EDGE('',*,*,#1575,.T.);
#2107=ORIENTED_EDGE('',*,*,#1481,.F.);
#2108=ORIENTED_EDGE('',*,*,#1479,.T.);
#2109=ORIENTED_EDGE('',*,*,#1476,.F.);
#2110=ORIENTED_EDGE('',*,*,#1594,.T.);
#2111=ORIENTED_EDGE('',*,*,#1592,.T.);
#2112=ORIENTED_EDGE('',*,*,#1471,.F.);
#2113=ORIENTED_EDGE('',*,*,#1475,.T.);
#2114=ORIENTED_EDGE('',*,*,#1591,.T.);
#2115=ORIENTED_EDGE('',*,*,#1589,.T.);
#2116=ORIENTED_EDGE('',*,*,#1466,.F.);
#2117=ORIENTED_EDGE('',*,*,#1470,.T.);
#2118=ORIENTED_EDGE('',*,*,#1588,.T.);
#2119=ORIENTED_EDGE('',*,*,#1464,.F.);
#2120=ORIENTED_EDGE('',*,*,#1462,.T.);
#2121=ORIENTED_EDGE('',*,*,#1459,.F.);
#2122=ORIENTED_EDGE('',*,*,#1587,.T.);
#2123=ORIENTED_EDGE('',*,*,#1585,.T.);
#2124=ORIENTED_EDGE('',*,*,#1454,.F.);
#2125=ORIENTED_EDGE('',*,*,#1458,.T.);
#2126=ORIENTED_EDGE('',*,*,#1584,.T.);
#2127=ORIENTED_EDGE('',*,*,#1452,.F.);
#2128=ORIENTED_EDGE('',*,*,#1450,.T.);
#2129=ORIENTED_EDGE('',*,*,#1447,.F.);
#2130=ORIENTED_EDGE('',*,*,#1583,.T.);
#2131=ORIENTED_EDGE('',*,*,#1500,.T.);
#2132=ORIENTED_EDGE('',*,*,#1506,.T.);
#2133=ORIENTED_EDGE('',*,*,#1548,.T.);
#2134=ORIENTED_EDGE('',*,*,#1545,.T.);
#2135=ORIENTED_EDGE('',*,*,#1509,.T.);
#2136=ORIENTED_EDGE('',*,*,#1513,.T.);
#2137=ORIENTED_EDGE('',*,*,#1516,.T.);
#2138=ORIENTED_EDGE('',*,*,#1519,.T.);
#2139=ORIENTED_EDGE('',*,*,#1522,.T.);
#2140=ORIENTED_EDGE('',*,*,#1525,.T.);
#2141=ORIENTED_EDGE('',*,*,#1528,.T.);
#2142=ORIENTED_EDGE('',*,*,#1531,.T.);
#2143=ORIENTED_EDGE('',*,*,#1534,.T.);
#2144=ORIENTED_EDGE('',*,*,#1537,.T.);
#2145=ORIENTED_EDGE('',*,*,#1540,.T.);
#2146=ORIENTED_EDGE('',*,*,#1543,.T.);
#2147=ORIENTED_EDGE('',*,*,#1574,.T.);
#2148=ORIENTED_EDGE('',*,*,#1571,.T.);
#2149=ORIENTED_EDGE('',*,*,#1568,.T.);
#2150=ORIENTED_EDGE('',*,*,#1565,.T.);
#2151=ORIENTED_EDGE('',*,*,#1562,.T.);
#2152=ORIENTED_EDGE('',*,*,#1559,.T.);
#2153=ORIENTED_EDGE('',*,*,#1556,.T.);
#2154=ORIENTED_EDGE('',*,*,#1553,.T.);
#2155=ORIENTED_EDGE('',*,*,#1550,.T.);
#2156=ORIENTED_EDGE('',*,*,#1502,.T.);
#2157=ORIENTED_EDGE('',*,*,#1498,.T.);
#2158=ORIENTED_EDGE('',*,*,#1582,.T.);
#2159=ORIENTED_EDGE('',*,*,#1580,.T.);
#2160=ORIENTED_EDGE('',*,*,#1442,.F.);
#2161=ORIENTED_EDGE('',*,*,#1446,.T.);
#2162=ORIENTED_EDGE('',*,*,#1579,.T.);
#2163=ORIENTED_EDGE('',*,*,#1440,.F.);
#2164=ORIENTED_EDGE('',*,*,#1438,.T.);
#2165=ORIENTED_EDGE('',*,*,#1541,.T.);
#2166=ORIENTED_EDGE('',*,*,#1538,.T.);
#2167=ORIENTED_EDGE('',*,*,#1535,.T.);
#2168=ORIENTED_EDGE('',*,*,#1532,.T.);
#2169=ORIENTED_EDGE('',*,*,#1529,.T.);
#2170=ORIENTED_EDGE('',*,*,#1526,.T.);
#2171=ORIENTED_EDGE('',*,*,#1523,.T.);
#2172=ORIENTED_EDGE('',*,*,#1520,.T.);
#2173=ORIENTED_EDGE('',*,*,#1517,.T.);
#2174=ORIENTED_EDGE('',*,*,#1514,.T.);
#2175=ORIENTED_EDGE('',*,*,#1511,.T.);
#2176=ORIENTED_EDGE('',*,*,#1507,.T.);
#2177=ORIENTED_EDGE('',*,*,#1544,.T.);
#2178=ORIENTED_EDGE('',*,*,#1547,.T.);
#2179=ORIENTED_EDGE('',*,*,#1504,.T.);
#2180=ORIENTED_EDGE('',*,*,#1549,.T.);
#2181=ORIENTED_EDGE('',*,*,#1552,.T.);
#2182=ORIENTED_EDGE('',*,*,#1555,.T.);
#2183=ORIENTED_EDGE('',*,*,#1558,.T.);
#2184=ORIENTED_EDGE('',*,*,#1561,.T.);
#2185=ORIENTED_EDGE('',*,*,#1564,.T.);
#2186=ORIENTED_EDGE('',*,*,#1567,.T.);
#2187=ORIENTED_EDGE('',*,*,#1570,.T.);
#2188=ORIENTED_EDGE('',*,*,#1573,.T.);
#2189=ORIENTED_EDGE('',*,*,#1595,.T.);
#2190=ORIENTED_EDGE('',*,*,#1596,.T.);
#2191=ORIENTED_EDGE('',*,*,#1597,.T.);
#2192=ORIENTED_EDGE('',*,*,#1598,.T.);
#2193=ORIENTED_EDGE('',*,*,#1598,.F.);
#2194=ORIENTED_EDGE('',*,*,#1599,.F.);
#2195=ORIENTED_EDGE('',*,*,#1600,.F.);
#2196=ORIENTED_EDGE('',*,*,#1601,.T.);
#2197=ORIENTED_EDGE('',*,*,#1597,.F.);
#2198=ORIENTED_EDGE('',*,*,#1602,.T.);
#2199=ORIENTED_EDGE('',*,*,#1603,.T.);
#2200=ORIENTED_EDGE('',*,*,#1604,.F.);
#2201=ORIENTED_EDGE('',*,*,#1605,.T.);
#2202=ORIENTED_EDGE('',*,*,#1606,.T.);
#2203=ORIENTED_EDGE('',*,*,#1607,.F.);
#2204=ORIENTED_EDGE('',*,*,#1608,.T.);
#2205=ORIENTED_EDGE('',*,*,#1609,.F.);
#2206=ORIENTED_EDGE('',*,*,#1610,.T.);
#2207=ORIENTED_EDGE('',*,*,#1611,.T.);
#2208=ORIENTED_EDGE('',*,*,#1612,.F.);
#2209=ORIENTED_EDGE('',*,*,#1613,.T.);
#2210=ORIENTED_EDGE('',*,*,#1614,.T.);
#2211=ORIENTED_EDGE('',*,*,#1615,.F.);
#2212=ORIENTED_EDGE('',*,*,#1616,.F.);
#2213=ORIENTED_EDGE('',*,*,#1617,.F.);
#2214=ORIENTED_EDGE('',*,*,#1618,.T.);
#2215=ORIENTED_EDGE('',*,*,#1619,.F.);
#2216=ORIENTED_EDGE('',*,*,#1620,.T.);
#2217=ORIENTED_EDGE('',*,*,#1621,.T.);
#2218=ORIENTED_EDGE('',*,*,#1622,.F.);
#2219=ORIENTED_EDGE('',*,*,#1623,.T.);
#2220=ORIENTED_EDGE('',*,*,#1624,.T.);
#2221=ORIENTED_EDGE('',*,*,#1625,.T.);
#2222=ORIENTED_EDGE('',*,*,#1626,.F.);
#2223=ORIENTED_EDGE('',*,*,#1627,.T.);
#2224=ORIENTED_EDGE('',*,*,#1628,.T.);
#2225=ORIENTED_EDGE('',*,*,#1629,.F.);
#2226=ORIENTED_EDGE('',*,*,#1630,.T.);
#2227=ORIENTED_EDGE('',*,*,#1631,.F.);
#2228=ORIENTED_EDGE('',*,*,#1632,.T.);
#2229=ORIENTED_EDGE('',*,*,#1633,.T.);
#2230=ORIENTED_EDGE('',*,*,#1634,.F.);
#2231=ORIENTED_EDGE('',*,*,#1635,.T.);
#2232=ORIENTED_EDGE('',*,*,#1636,.T.);
#2233=ORIENTED_EDGE('',*,*,#1637,.F.);
#2234=ORIENTED_EDGE('',*,*,#1599,.T.);
#2235=ORIENTED_EDGE('',*,*,#1638,.T.);
#2236=ORIENTED_EDGE('',*,*,#1639,.T.);
#2237=ORIENTED_EDGE('',*,*,#1604,.T.);
#2238=ORIENTED_EDGE('',*,*,#1640,.T.);
#2239=ORIENTED_EDGE('',*,*,#1640,.F.);
#2240=ORIENTED_EDGE('',*,*,#1603,.F.);
#2241=ORIENTED_EDGE('',*,*,#1641,.T.);
#2242=ORIENTED_EDGE('',*,*,#1642,.T.);
#2243=ORIENTED_EDGE('',*,*,#1643,.T.);
#2244=ORIENTED_EDGE('',*,*,#1644,.T.);
#2245=ORIENTED_EDGE('',*,*,#1607,.T.);
#2246=ORIENTED_EDGE('',*,*,#1645,.T.);
#2247=ORIENTED_EDGE('',*,*,#1644,.F.);
#2248=ORIENTED_EDGE('',*,*,#1646,.T.);
#2249=ORIENTED_EDGE('',*,*,#1647,.F.);
#2250=ORIENTED_EDGE('',*,*,#1608,.F.);
#2251=ORIENTED_EDGE('',*,*,#1648,.T.);
#2252=ORIENTED_EDGE('',*,*,#1649,.T.);
#2253=ORIENTED_EDGE('',*,*,#1609,.T.);
#2254=ORIENTED_EDGE('',*,*,#1647,.T.);
#2255=ORIENTED_EDGE('',*,*,#1650,.T.);
#2256=ORIENTED_EDGE('',*,*,#1651,.T.);
#2257=ORIENTED_EDGE('',*,*,#1612,.T.);
#2258=ORIENTED_EDGE('',*,*,#1652,.T.);
#2259=ORIENTED_EDGE('',*,*,#1652,.F.);
#2260=ORIENTED_EDGE('',*,*,#1611,.F.);
#2261=ORIENTED_EDGE('',*,*,#1653,.T.);
#2262=ORIENTED_EDGE('',*,*,#1654,.T.);
#2263=ORIENTED_EDGE('',*,*,#1655,.T.);
#2264=ORIENTED_EDGE('',*,*,#1656,.T.);
#2265=ORIENTED_EDGE('',*,*,#1615,.T.);
#2266=ORIENTED_EDGE('',*,*,#1657,.T.);
#2267=ORIENTED_EDGE('',*,*,#1657,.F.);
#2268=ORIENTED_EDGE('',*,*,#1614,.F.);
#2269=ORIENTED_EDGE('',*,*,#1658,.T.);
#2270=ORIENTED_EDGE('',*,*,#1659,.T.);
#2271=ORIENTED_EDGE('',*,*,#1660,.T.);
#2272=ORIENTED_EDGE('',*,*,#1600,.T.);
#2273=ORIENTED_EDGE('',*,*,#1637,.T.);
#2274=ORIENTED_EDGE('',*,*,#1661,.T.);
#2275=ORIENTED_EDGE('',*,*,#1661,.F.);
#2276=ORIENTED_EDGE('',*,*,#1636,.F.);
#2277=ORIENTED_EDGE('',*,*,#1662,.T.);
#2278=ORIENTED_EDGE('',*,*,#1663,.T.);
#2279=ORIENTED_EDGE('',*,*,#1664,.T.);
#2280=ORIENTED_EDGE('',*,*,#1665,.T.);
#2281=ORIENTED_EDGE('',*,*,#1634,.T.);
#2282=ORIENTED_EDGE('',*,*,#1666,.T.);
#2283=ORIENTED_EDGE('',*,*,#1666,.F.);
#2284=ORIENTED_EDGE('',*,*,#1633,.F.);
#2285=ORIENTED_EDGE('',*,*,#1667,.T.);
#2286=ORIENTED_EDGE('',*,*,#1668,.T.);
#2287=ORIENTED_EDGE('',*,*,#1669,.T.);
#2288=ORIENTED_EDGE('',*,*,#1670,.T.);
#2289=ORIENTED_EDGE('',*,*,#1631,.T.);
#2290=ORIENTED_EDGE('',*,*,#1671,.T.);
#2291=ORIENTED_EDGE('',*,*,#1671,.F.);
#2292=ORIENTED_EDGE('',*,*,#1630,.F.);
#2293=ORIENTED_EDGE('',*,*,#1672,.F.);
#2294=ORIENTED_EDGE('',*,*,#1673,.T.);
#2295=ORIENTED_EDGE('',*,*,#1674,.T.);
#2296=ORIENTED_EDGE('',*,*,#1672,.T.);
#2297=ORIENTED_EDGE('',*,*,#1629,.T.);
#2298=ORIENTED_EDGE('',*,*,#1675,.T.);
#2299=ORIENTED_EDGE('',*,*,#1675,.F.);
#2300=ORIENTED_EDGE('',*,*,#1628,.F.);
#2301=ORIENTED_EDGE('',*,*,#1676,.T.);
#2302=ORIENTED_EDGE('',*,*,#1677,.T.);
#2303=ORIENTED_EDGE('',*,*,#1678,.T.);
#2304=ORIENTED_EDGE('',*,*,#1679,.T.);
#2305=ORIENTED_EDGE('',*,*,#1626,.T.);
#2306=ORIENTED_EDGE('',*,*,#1680,.T.);
#2307=ORIENTED_EDGE('',*,*,#1680,.F.);
#2308=ORIENTED_EDGE('',*,*,#1625,.F.);
#2309=ORIENTED_EDGE('',*,*,#1681,.T.);
#2310=ORIENTED_EDGE('',*,*,#1682,.T.);
#2311=ORIENTED_EDGE('',*,*,#1683,.T.);
#2312=ORIENTED_EDGE('',*,*,#1684,.T.);
#2313=ORIENTED_EDGE('',*,*,#1622,.T.);
#2314=ORIENTED_EDGE('',*,*,#1685,.T.);
#2315=ORIENTED_EDGE('',*,*,#1685,.F.);
#2316=ORIENTED_EDGE('',*,*,#1621,.F.);
#2317=ORIENTED_EDGE('',*,*,#1686,.T.);
#2318=ORIENTED_EDGE('',*,*,#1687,.T.);
#2319=ORIENTED_EDGE('',*,*,#1688,.T.);
#2320=ORIENTED_EDGE('',*,*,#1689,.T.);
#2321=ORIENTED_EDGE('',*,*,#1619,.T.);
#2322=ORIENTED_EDGE('',*,*,#1690,.T.);
#2323=ORIENTED_EDGE('',*,*,#1690,.F.);
#2324=ORIENTED_EDGE('',*,*,#1618,.F.);
#2325=ORIENTED_EDGE('',*,*,#1691,.F.);
#2326=ORIENTED_EDGE('',*,*,#1692,.T.);
#2327=ORIENTED_EDGE('',*,*,#1693,.T.);
#2328=ORIENTED_EDGE('',*,*,#1691,.T.);
#2329=ORIENTED_EDGE('',*,*,#1617,.T.);
#2330=ORIENTED_EDGE('',*,*,#1694,.T.);
#2331=ORIENTED_EDGE('',*,*,#1695,.F.);
#2332=ORIENTED_EDGE('',*,*,#1696,.F.);
#2333=ORIENTED_EDGE('',*,*,#1697,.F.);
#2334=ORIENTED_EDGE('',*,*,#1698,.T.);
#2335=ORIENTED_EDGE('',*,*,#1699,.F.);
#2336=ORIENTED_EDGE('',*,*,#1698,.F.);
#2337=ORIENTED_EDGE('',*,*,#1700,.F.);
#2338=ORIENTED_EDGE('',*,*,#1701,.F.);
#2339=ORIENTED_EDGE('',*,*,#1702,.F.);
#2340=ORIENTED_EDGE('',*,*,#1703,.F.);
#2341=ORIENTED_EDGE('',*,*,#1704,.F.);
#2342=ORIENTED_EDGE('',*,*,#1696,.T.);
#2343=ORIENTED_EDGE('',*,*,#1702,.T.);
#2344=ORIENTED_EDGE('',*,*,#1695,.T.);
#2345=ORIENTED_EDGE('',*,*,#1699,.T.);
#2346=ORIENTED_EDGE('',*,*,#1705,.T.);
#2347=ORIENTED_EDGE('',*,*,#1706,.F.);
#2348=ORIENTED_EDGE('',*,*,#1707,.T.);
#2349=ORIENTED_EDGE('',*,*,#1708,.T.);
#2350=ORIENTED_EDGE('',*,*,#1709,.T.);
#2351=ORIENTED_EDGE('',*,*,#1710,.T.);
#2352=ORIENTED_EDGE('',*,*,#1711,.T.);
#2353=ORIENTED_EDGE('',*,*,#1712,.T.);
#2354=ORIENTED_EDGE('',*,*,#1713,.F.);
#2355=ORIENTED_EDGE('',*,*,#1714,.T.);
#2356=ORIENTED_EDGE('',*,*,#1713,.T.);
#2357=ORIENTED_EDGE('',*,*,#1715,.T.);
#2358=ORIENTED_EDGE('',*,*,#1716,.F.);
#2359=ORIENTED_EDGE('',*,*,#1717,.T.);
#2360=ORIENTED_EDGE('',*,*,#1716,.T.);
#2361=ORIENTED_EDGE('',*,*,#1718,.T.);
#2362=ORIENTED_EDGE('',*,*,#1719,.F.);
#2363=ORIENTED_EDGE('',*,*,#1720,.T.);
#2364=ORIENTED_EDGE('',*,*,#1719,.T.);
#2365=ORIENTED_EDGE('',*,*,#1721,.T.);
#2366=ORIENTED_EDGE('',*,*,#1722,.F.);
#2367=ORIENTED_EDGE('',*,*,#1723,.T.);
#2368=ORIENTED_EDGE('',*,*,#1722,.T.);
#2369=ORIENTED_EDGE('',*,*,#1724,.T.);
#2370=ORIENTED_EDGE('',*,*,#1725,.F.);
#2371=ORIENTED_EDGE('',*,*,#1726,.T.);
#2372=ORIENTED_EDGE('',*,*,#1725,.T.);
#2373=ORIENTED_EDGE('',*,*,#1727,.T.);
#2374=ORIENTED_EDGE('',*,*,#1728,.F.);
#2375=ORIENTED_EDGE('',*,*,#1729,.T.);
#2376=ORIENTED_EDGE('',*,*,#1728,.T.);
#2377=ORIENTED_EDGE('',*,*,#1730,.T.);
#2378=ORIENTED_EDGE('',*,*,#1731,.F.);
#2379=ORIENTED_EDGE('',*,*,#1732,.T.);
#2380=ORIENTED_EDGE('',*,*,#1731,.T.);
#2381=ORIENTED_EDGE('',*,*,#1733,.T.);
#2382=ORIENTED_EDGE('',*,*,#1734,.F.);
#2383=ORIENTED_EDGE('',*,*,#1735,.T.);
#2384=ORIENTED_EDGE('',*,*,#1734,.T.);
#2385=ORIENTED_EDGE('',*,*,#1736,.T.);
#2386=ORIENTED_EDGE('',*,*,#1737,.F.);
#2387=ORIENTED_EDGE('',*,*,#1738,.T.);
#2388=ORIENTED_EDGE('',*,*,#1737,.T.);
#2389=ORIENTED_EDGE('',*,*,#1739,.T.);
#2390=ORIENTED_EDGE('',*,*,#1740,.F.);
#2391=ORIENTED_EDGE('',*,*,#1741,.T.);
#2392=ORIENTED_EDGE('',*,*,#1740,.T.);
#2393=ORIENTED_EDGE('',*,*,#1742,.T.);
#2394=ORIENTED_EDGE('',*,*,#1743,.F.);
#2395=ORIENTED_EDGE('',*,*,#1744,.T.);
#2396=ORIENTED_EDGE('',*,*,#1743,.T.);
#2397=ORIENTED_EDGE('',*,*,#1745,.T.);
#2398=ORIENTED_EDGE('',*,*,#1746,.F.);
#2399=ORIENTED_EDGE('',*,*,#1747,.T.);
#2400=ORIENTED_EDGE('',*,*,#1748,.T.);
#2401=ORIENTED_EDGE('',*,*,#1749,.T.);
#2402=ORIENTED_EDGE('',*,*,#1711,.F.);
#2403=ORIENTED_EDGE('',*,*,#1750,.T.);
#2404=ORIENTED_EDGE('',*,*,#1706,.T.);
#2405=ORIENTED_EDGE('',*,*,#1751,.T.);
#2406=ORIENTED_EDGE('',*,*,#1748,.F.);
#2407=ORIENTED_EDGE('',*,*,#1752,.T.);
#2408=ORIENTED_EDGE('',*,*,#1753,.T.);
#2409=ORIENTED_EDGE('',*,*,#1754,.T.);
#2410=ORIENTED_EDGE('',*,*,#1708,.F.);
#2411=ORIENTED_EDGE('',*,*,#1755,.T.);
#2412=ORIENTED_EDGE('',*,*,#1756,.T.);
#2413=ORIENTED_EDGE('',*,*,#1757,.T.);
#2414=ORIENTED_EDGE('',*,*,#1753,.F.);
#2415=ORIENTED_EDGE('',*,*,#1758,.T.);
#2416=ORIENTED_EDGE('',*,*,#1759,.T.);
#2417=ORIENTED_EDGE('',*,*,#1760,.T.);
#2418=ORIENTED_EDGE('',*,*,#1756,.F.);
#2419=ORIENTED_EDGE('',*,*,#1761,.T.);
#2420=ORIENTED_EDGE('',*,*,#1762,.T.);
#2421=ORIENTED_EDGE('',*,*,#1763,.T.);
#2422=ORIENTED_EDGE('',*,*,#1759,.F.);
#2423=ORIENTED_EDGE('',*,*,#1764,.T.);
#2424=ORIENTED_EDGE('',*,*,#1765,.T.);
#2425=ORIENTED_EDGE('',*,*,#1766,.T.);
#2426=ORIENTED_EDGE('',*,*,#1762,.F.);
#2427=ORIENTED_EDGE('',*,*,#1767,.T.);
#2428=ORIENTED_EDGE('',*,*,#1768,.T.);
#2429=ORIENTED_EDGE('',*,*,#1769,.T.);
#2430=ORIENTED_EDGE('',*,*,#1765,.F.);
#2431=ORIENTED_EDGE('',*,*,#1770,.T.);
#2432=ORIENTED_EDGE('',*,*,#1771,.T.);
#2433=ORIENTED_EDGE('',*,*,#1772,.T.);
#2434=ORIENTED_EDGE('',*,*,#1768,.F.);
#2435=ORIENTED_EDGE('',*,*,#1773,.T.);
#2436=ORIENTED_EDGE('',*,*,#1774,.T.);
#2437=ORIENTED_EDGE('',*,*,#1775,.T.);
#2438=ORIENTED_EDGE('',*,*,#1771,.F.);
#2439=ORIENTED_EDGE('',*,*,#1776,.T.);
#2440=ORIENTED_EDGE('',*,*,#1746,.T.);
#2441=ORIENTED_EDGE('',*,*,#1777,.T.);
#2442=ORIENTED_EDGE('',*,*,#1774,.F.);
#2443=ORIENTED_EDGE('',*,*,#1656,.F.);
#2444=ORIENTED_EDGE('',*,*,#1778,.T.);
#2445=ORIENTED_EDGE('',*,*,#1694,.F.);
#2446=ORIENTED_EDGE('',*,*,#1616,.T.);
#2447=ORIENTED_EDGE('',*,*,#1651,.F.);
#2448=ORIENTED_EDGE('',*,*,#1779,.T.);
#2449=ORIENTED_EDGE('',*,*,#1658,.F.);
#2450=ORIENTED_EDGE('',*,*,#1613,.F.);
#2451=ORIENTED_EDGE('',*,*,#1649,.F.);
#2452=ORIENTED_EDGE('',*,*,#1780,.T.);
#2453=ORIENTED_EDGE('',*,*,#1653,.F.);
#2454=ORIENTED_EDGE('',*,*,#1610,.F.);
#2455=ORIENTED_EDGE('',*,*,#1645,.F.);
#2456=ORIENTED_EDGE('',*,*,#1606,.F.);
#2457=ORIENTED_EDGE('',*,*,#1781,.T.);
#2458=ORIENTED_EDGE('',*,*,#1782,.T.);
#2459=ORIENTED_EDGE('',*,*,#1639,.F.);
#2460=ORIENTED_EDGE('',*,*,#1783,.T.);
#2461=ORIENTED_EDGE('',*,*,#1781,.F.);
#2462=ORIENTED_EDGE('',*,*,#1605,.F.);
#2463=ORIENTED_EDGE('',*,*,#1596,.F.);
#2464=ORIENTED_EDGE('',*,*,#1784,.T.);
#2465=ORIENTED_EDGE('',*,*,#1700,.T.);
#2466=ORIENTED_EDGE('',*,*,#1697,.T.);
#2467=ORIENTED_EDGE('',*,*,#1704,.T.);
#2468=ORIENTED_EDGE('',*,*,#1785,.T.);
#2469=ORIENTED_EDGE('',*,*,#1641,.F.);
#2470=ORIENTED_EDGE('',*,*,#1602,.F.);
#2471=ORIENTED_EDGE('',*,*,#1665,.F.);
#2472=ORIENTED_EDGE('',*,*,#1786,.T.);
#2473=ORIENTED_EDGE('',*,*,#1662,.F.);
#2474=ORIENTED_EDGE('',*,*,#1635,.F.);
#2475=ORIENTED_EDGE('',*,*,#1670,.F.);
#2476=ORIENTED_EDGE('',*,*,#1787,.T.);
#2477=ORIENTED_EDGE('',*,*,#1667,.F.);
#2478=ORIENTED_EDGE('',*,*,#1632,.F.);
#2479=ORIENTED_EDGE('',*,*,#1679,.F.);
#2480=ORIENTED_EDGE('',*,*,#1788,.T.);
#2481=ORIENTED_EDGE('',*,*,#1676,.F.);
#2482=ORIENTED_EDGE('',*,*,#1627,.F.);
#2483=ORIENTED_EDGE('',*,*,#1624,.F.);
#2484=ORIENTED_EDGE('',*,*,#1789,.T.);
#2485=ORIENTED_EDGE('',*,*,#1790,.T.);
#2486=ORIENTED_EDGE('',*,*,#1681,.F.);
#2487=ORIENTED_EDGE('',*,*,#1684,.F.);
#2488=ORIENTED_EDGE('',*,*,#1791,.T.);
#2489=ORIENTED_EDGE('',*,*,#1789,.F.);
#2490=ORIENTED_EDGE('',*,*,#1623,.F.);
#2491=ORIENTED_EDGE('',*,*,#1689,.F.);
#2492=ORIENTED_EDGE('',*,*,#1792,.T.);
#2493=ORIENTED_EDGE('',*,*,#1686,.F.);
#2494=ORIENTED_EDGE('',*,*,#1620,.F.);
#2495=ORIENTED_EDGE('',*,*,#1595,.F.);
#2496=ORIENTED_EDGE('',*,*,#1601,.F.);
#2497=ORIENTED_EDGE('',*,*,#1660,.F.);
#2498=ORIENTED_EDGE('',*,*,#1663,.F.);
#2499=ORIENTED_EDGE('',*,*,#1786,.F.);
#2500=ORIENTED_EDGE('',*,*,#1664,.F.);
#2501=ORIENTED_EDGE('',*,*,#1668,.F.);
#2502=ORIENTED_EDGE('',*,*,#1787,.F.);
#2503=ORIENTED_EDGE('',*,*,#1669,.F.);
#2504=ORIENTED_EDGE('',*,*,#1673,.F.);
#2505=ORIENTED_EDGE('',*,*,#1674,.F.);
#2506=ORIENTED_EDGE('',*,*,#1677,.F.);
#2507=ORIENTED_EDGE('',*,*,#1788,.F.);
#2508=ORIENTED_EDGE('',*,*,#1678,.F.);
#2509=ORIENTED_EDGE('',*,*,#1682,.F.);
#2510=ORIENTED_EDGE('',*,*,#1790,.F.);
#2511=ORIENTED_EDGE('',*,*,#1791,.F.);
#2512=ORIENTED_EDGE('',*,*,#1683,.F.);
#2513=ORIENTED_EDGE('',*,*,#1687,.F.);
#2514=ORIENTED_EDGE('',*,*,#1792,.F.);
#2515=ORIENTED_EDGE('',*,*,#1688,.F.);
#2516=ORIENTED_EDGE('',*,*,#1692,.F.);
#2517=ORIENTED_EDGE('',*,*,#1693,.F.);
#2518=ORIENTED_EDGE('',*,*,#1778,.F.);
#2519=ORIENTED_EDGE('',*,*,#1655,.F.);
#2520=ORIENTED_EDGE('',*,*,#1659,.F.);
#2521=ORIENTED_EDGE('',*,*,#1779,.F.);
#2522=ORIENTED_EDGE('',*,*,#1650,.F.);
#2523=ORIENTED_EDGE('',*,*,#1654,.F.);
#2524=ORIENTED_EDGE('',*,*,#1780,.F.);
#2525=ORIENTED_EDGE('',*,*,#1648,.F.);
#2526=ORIENTED_EDGE('',*,*,#1646,.F.);
#2527=ORIENTED_EDGE('',*,*,#1643,.F.);
#2528=ORIENTED_EDGE('',*,*,#1782,.F.);
#2529=ORIENTED_EDGE('',*,*,#1783,.F.);
#2530=ORIENTED_EDGE('',*,*,#1638,.F.);
#2531=ORIENTED_EDGE('',*,*,#1642,.F.);
#2532=ORIENTED_EDGE('',*,*,#1785,.F.);
#2533=ORIENTED_EDGE('',*,*,#1703,.T.);
#2534=ORIENTED_EDGE('',*,*,#1709,.F.);
#2535=ORIENTED_EDGE('',*,*,#1754,.F.);
#2536=ORIENTED_EDGE('',*,*,#1757,.F.);
#2537=ORIENTED_EDGE('',*,*,#1760,.F.);
#2538=ORIENTED_EDGE('',*,*,#1763,.F.);
#2539=ORIENTED_EDGE('',*,*,#1766,.F.);
#2540=ORIENTED_EDGE('',*,*,#1769,.F.);
#2541=ORIENTED_EDGE('',*,*,#1772,.F.);
#2542=ORIENTED_EDGE('',*,*,#1775,.F.);
#2543=ORIENTED_EDGE('',*,*,#1777,.F.);
#2544=ORIENTED_EDGE('',*,*,#1745,.F.);
#2545=ORIENTED_EDGE('',*,*,#1742,.F.);
#2546=ORIENTED_EDGE('',*,*,#1739,.F.);
#2547=ORIENTED_EDGE('',*,*,#1736,.F.);
#2548=ORIENTED_EDGE('',*,*,#1733,.F.);
#2549=ORIENTED_EDGE('',*,*,#1730,.F.);
#2550=ORIENTED_EDGE('',*,*,#1727,.F.);
#2551=ORIENTED_EDGE('',*,*,#1724,.F.);
#2552=ORIENTED_EDGE('',*,*,#1721,.F.);
#2553=ORIENTED_EDGE('',*,*,#1718,.F.);
#2554=ORIENTED_EDGE('',*,*,#1715,.F.);
#2555=ORIENTED_EDGE('',*,*,#1712,.F.);
#2556=ORIENTED_EDGE('',*,*,#1749,.F.);
#2557=ORIENTED_EDGE('',*,*,#1751,.F.);
#2558=ORIENTED_EDGE('',*,*,#1705,.F.);
#2559=ORIENTED_EDGE('',*,*,#1701,.T.);
#2560=ORIENTED_EDGE('',*,*,#1784,.F.);
#2561=ORIENTED_EDGE('',*,*,#1744,.F.);
#2562=ORIENTED_EDGE('',*,*,#1776,.F.);
#2563=ORIENTED_EDGE('',*,*,#1773,.F.);
#2564=ORIENTED_EDGE('',*,*,#1770,.F.);
#2565=ORIENTED_EDGE('',*,*,#1767,.F.);
#2566=ORIENTED_EDGE('',*,*,#1764,.F.);
#2567=ORIENTED_EDGE('',*,*,#1761,.F.);
#2568=ORIENTED_EDGE('',*,*,#1758,.F.);
#2569=ORIENTED_EDGE('',*,*,#1755,.F.);
#2570=ORIENTED_EDGE('',*,*,#1752,.F.);
#2571=ORIENTED_EDGE('',*,*,#1707,.F.);
#2572=ORIENTED_EDGE('',*,*,#1750,.F.);
#2573=ORIENTED_EDGE('',*,*,#1747,.F.);
#2574=ORIENTED_EDGE('',*,*,#1710,.F.);
#2575=ORIENTED_EDGE('',*,*,#1714,.F.);
#2576=ORIENTED_EDGE('',*,*,#1717,.F.);
#2577=ORIENTED_EDGE('',*,*,#1720,.F.);
#2578=ORIENTED_EDGE('',*,*,#1723,.F.);
#2579=ORIENTED_EDGE('',*,*,#1726,.F.);
#2580=ORIENTED_EDGE('',*,*,#1729,.F.);
#2581=ORIENTED_EDGE('',*,*,#1732,.F.);
#2582=ORIENTED_EDGE('',*,*,#1735,.F.);
#2583=ORIENTED_EDGE('',*,*,#1738,.F.);
#2584=ORIENTED_EDGE('',*,*,#1741,.F.);
#2585=CYLINDRICAL_SURFACE('',#2764,5.);
#2586=CYLINDRICAL_SURFACE('',#2782,5.);
#2587=CYLINDRICAL_SURFACE('',#2784,5.);
#2588=CYLINDRICAL_SURFACE('',#2787,5.);
#2589=CYLINDRICAL_SURFACE('',#2790,5.);
#2590=CYLINDRICAL_SURFACE('',#2792,5.);
#2591=CYLINDRICAL_SURFACE('',#2795,5.);
#2592=CYLINDRICAL_SURFACE('',#2798,5.);
#2593=CYLINDRICAL_SURFACE('',#2800,5.);
#2594=CYLINDRICAL_SURFACE('',#2803,5.);
#2595=CYLINDRICAL_SURFACE('',#2806,5.);
#2596=CYLINDRICAL_SURFACE('',#2809,5.);
#2597=CYLINDRICAL_SURFACE('',#2811,5.);
#2598=CYLINDRICAL_SURFACE('',#2814,5.);
#2599=CYLINDRICAL_SURFACE('',#2860,5.);
#2600=CYLINDRICAL_SURFACE('',#2878,5.);
#2601=CYLINDRICAL_SURFACE('',#2881,5.);
#2602=CYLINDRICAL_SURFACE('',#2884,5.);
#2603=CYLINDRICAL_SURFACE('',#2886,5.);
#2604=CYLINDRICAL_SURFACE('',#2889,5.);
#2605=CYLINDRICAL_SURFACE('',#2892,5.);
#2606=CYLINDRICAL_SURFACE('',#2895,5.);
#2607=CYLINDRICAL_SURFACE('',#2898,5.);
#2608=CYLINDRICAL_SURFACE('',#2901,5.);
#2609=CYLINDRICAL_SURFACE('',#2904,5.);
#2610=CYLINDRICAL_SURFACE('',#2907,5.);
#2611=CYLINDRICAL_SURFACE('',#2910,5.);
#2612=CYLINDRICAL_SURFACE('',#2913,5.);
#2613=ADVANCED_FACE('',(#125),#2585,.T.);
#2614=ADVANCED_FACE('',(#126),#17,.F.);
#2615=ADVANCED_FACE('',(#127),#18,.T.);
#2616=ADVANCED_FACE('',(#128),#2586,.T.);
#2617=ADVANCED_FACE('',(#129),#2587,.T.);
#2618=ADVANCED_FACE('',(#130),#19,.T.);
#2619=ADVANCED_FACE('',(#131),#2588,.T.);
#2620=ADVANCED_FACE('',(#132),#20,.T.);
#2621=ADVANCED_FACE('',(#133),#2589,.T.);
#2622=ADVANCED_FACE('',(#134),#2590,.T.);
#2623=ADVANCED_FACE('',(#135),#21,.T.);
#2624=ADVANCED_FACE('',(#136),#2591,.T.);
#2625=ADVANCED_FACE('',(#137),#22,.T.);
#2626=ADVANCED_FACE('',(#138),#2592,.T.);
#2627=ADVANCED_FACE('',(#139),#2593,.T.);
#2628=ADVANCED_FACE('',(#140),#23,.T.);
#2629=ADVANCED_FACE('',(#141),#2594,.T.);
#2630=ADVANCED_FACE('',(#142),#24,.T.);
#2631=ADVANCED_FACE('',(#143),#2595,.T.);
#2632=ADVANCED_FACE('',(#144),#25,.T.);
#2633=ADVANCED_FACE('',(#145),#2596,.T.);
#2634=ADVANCED_FACE('',(#146),#2597,.T.);
#2635=ADVANCED_FACE('',(#147),#26,.T.);
#2636=ADVANCED_FACE('',(#148),#2598,.T.);
#2637=ADVANCED_FACE('',(#149),#27,.T.);
#2638=ADVANCED_FACE('',(#150),#28,.F.);
#2639=ADVANCED_FACE('',(#151),#29,.F.);
#2640=ADVANCED_FACE('',(#152),#30,.F.);
#2641=ADVANCED_FACE('',(#153),#31,.T.);
#2642=ADVANCED_FACE('',(#154),#32,.T.);
#2643=ADVANCED_FACE('',(#155),#33,.T.);
#2644=ADVANCED_FACE('',(#156),#34,.T.);
#2645=ADVANCED_FACE('',(#157),#35,.T.);
#2646=ADVANCED_FACE('',(#158),#36,.T.);
#2647=ADVANCED_FACE('',(#159),#37,.T.);
#2648=ADVANCED_FACE('',(#160),#38,.T.);
#2649=ADVANCED_FACE('',(#161),#39,.T.);
#2650=ADVANCED_FACE('',(#162),#40,.T.);
#2651=ADVANCED_FACE('',(#163),#41,.T.);
#2652=ADVANCED_FACE('',(#164),#42,.T.);
#2653=ADVANCED_FACE('',(#165),#43,.T.);
#2654=ADVANCED_FACE('',(#166),#44,.T.);
#2655=ADVANCED_FACE('',(#167),#45,.T.);
#2656=ADVANCED_FACE('',(#168),#46,.T.);
#2657=ADVANCED_FACE('',(#169),#47,.T.);
#2658=ADVANCED_FACE('',(#170),#48,.T.);
#2659=ADVANCED_FACE('',(#171),#49,.T.);
#2660=ADVANCED_FACE('',(#172),#50,.T.);
#2661=ADVANCED_FACE('',(#173),#51,.T.);
#2662=ADVANCED_FACE('',(#174),#52,.T.);
#2663=ADVANCED_FACE('',(#175),#53,.T.);
#2664=ADVANCED_FACE('',(#176),#54,.T.);
#2665=ADVANCED_FACE('',(#177),#55,.T.);
#2666=ADVANCED_FACE('',(#178),#56,.T.);
#2667=ADVANCED_FACE('',(#179),#57,.T.);
#2668=ADVANCED_FACE('',(#180),#58,.T.);
#2669=ADVANCED_FACE('',(#181),#59,.T.);
#2670=ADVANCED_FACE('',(#182),#60,.T.);
#2671=ADVANCED_FACE('',(#183),#61,.T.);
#2672=ADVANCED_FACE('',(#184),#62,.T.);
#2673=ADVANCED_FACE('',(#185),#63,.T.);
#2674=ADVANCED_FACE('',(#186),#64,.T.);
#2675=ADVANCED_FACE('',(#187),#65,.T.);
#2676=ADVANCED_FACE('',(#188),#66,.T.);
#2677=ADVANCED_FACE('',(#189),#67,.T.);
#2678=ADVANCED_FACE('',(#190),#68,.T.);
#2679=ADVANCED_FACE('',(#191),#69,.T.);
#2680=ADVANCED_FACE('',(#192),#70,.T.);
#2681=ADVANCED_FACE('',(#193),#2599,.T.);
#2682=ADVANCED_FACE('',(#194),#71,.F.);
#2683=ADVANCED_FACE('',(#195),#72,.T.);
#2684=ADVANCED_FACE('',(#196),#2600,.T.);
#2685=ADVANCED_FACE('',(#197),#73,.F.);
#2686=ADVANCED_FACE('',(#198),#2601,.T.);
#2687=ADVANCED_FACE('',(#199),#74,.F.);
#2688=ADVANCED_FACE('',(#200),#2602,.T.);
#2689=ADVANCED_FACE('',(#201),#2603,.T.);
#2690=ADVANCED_FACE('',(#202),#75,.F.);
#2691=ADVANCED_FACE('',(#203),#2604,.T.);
#2692=ADVANCED_FACE('',(#204),#76,.F.);
#2693=ADVANCED_FACE('',(#205),#2605,.T.);
#2694=ADVANCED_FACE('',(#206),#77,.F.);
#2695=ADVANCED_FACE('',(#207),#2606,.T.);
#2696=ADVANCED_FACE('',(#208),#78,.F.);
#2697=ADVANCED_FACE('',(#209),#2607,.T.);
#2698=ADVANCED_FACE('',(#210),#79,.F.);
#2699=ADVANCED_FACE('',(#211),#2608,.T.);
#2700=ADVANCED_FACE('',(#212),#80,.F.);
#2701=ADVANCED_FACE('',(#213),#2609,.T.);
#2702=ADVANCED_FACE('',(#214),#81,.F.);
#2703=ADVANCED_FACE('',(#215),#2610,.T.);
#2704=ADVANCED_FACE('',(#216),#82,.F.);
#2705=ADVANCED_FACE('',(#217),#2611,.T.);
#2706=ADVANCED_FACE('',(#218),#83,.F.);
#2707=ADVANCED_FACE('',(#219),#2612,.T.);
#2708=ADVANCED_FACE('',(#220),#84,.F.);
#2709=ADVANCED_FACE('',(#221),#85,.F.);
#2710=ADVANCED_FACE('',(#222),#86,.F.);
#2711=ADVANCED_FACE('',(#223),#87,.F.);
#2712=ADVANCED_FACE('',(#224),#88,.F.);
#2713=ADVANCED_FACE('',(#225),#89,.F.);
#2714=ADVANCED_FACE('',(#226),#90,.F.);
#2715=ADVANCED_FACE('',(#227),#91,.F.);
#2716=ADVANCED_FACE('',(#228),#92,.F.);
#2717=ADVANCED_FACE('',(#229),#93,.F.);
#2718=ADVANCED_FACE('',(#230),#94,.F.);
#2719=ADVANCED_FACE('',(#231),#95,.F.);
#2720=ADVANCED_FACE('',(#232),#96,.F.);
#2721=ADVANCED_FACE('',(#233),#97,.F.);
#2722=ADVANCED_FACE('',(#234),#98,.F.);
#2723=ADVANCED_FACE('',(#235),#99,.F.);
#2724=ADVANCED_FACE('',(#236),#100,.F.);
#2725=ADVANCED_FACE('',(#237),#101,.F.);
#2726=ADVANCED_FACE('',(#238),#102,.F.);
#2727=ADVANCED_FACE('',(#239),#103,.F.);
#2728=ADVANCED_FACE('',(#240),#104,.F.);
#2729=ADVANCED_FACE('',(#241),#105,.F.);
#2730=ADVANCED_FACE('',(#242),#106,.F.);
#2731=ADVANCED_FACE('',(#243),#107,.F.);
#2732=ADVANCED_FACE('',(#244),#108,.F.);
#2733=ADVANCED_FACE('',(#245),#109,.F.);
#2734=ADVANCED_FACE('',(#246),#110,.F.);
#2735=ADVANCED_FACE('',(#247),#111,.F.);
#2736=ADVANCED_FACE('',(#248),#112,.F.);
#2737=ADVANCED_FACE('',(#249),#113,.F.);
#2738=ADVANCED_FACE('',(#250),#114,.F.);
#2739=ADVANCED_FACE('',(#251),#115,.F.);
#2740=ADVANCED_FACE('',(#252),#116,.F.);
#2741=ADVANCED_FACE('',(#253),#117,.F.);
#2742=ADVANCED_FACE('',(#254),#118,.F.);
#2743=ADVANCED_FACE('',(#255),#119,.F.);
#2744=ADVANCED_FACE('',(#256),#120,.F.);
#2745=ADVANCED_FACE('',(#257),#121,.F.);
#2746=ADVANCED_FACE('',(#258),#122,.F.);
#2747=ADVANCED_FACE('',(#259),#123,.F.);
#2748=ADVANCED_FACE('',(#260),#124,.F.);
#2749=CLOSED_SHELL('',(#2613,#2614,#2615,#2616,#2617,#2618,#2619,#2620,
#2621,#2622,#2623,#2624,#2625,#2626,#2627,#2628,#2629,#2630,#2631,#2632,
#2633,#2634,#2635,#2636,#2637,#2638,#2639,#2640,#2641,#2642,#2643,#2644,
#2645,#2646,#2647,#2648,#2649,#2650,#2651,#2652,#2653,#2654,#2655,#2656,
#2657,#2658,#2659,#2660,#2661,#2662,#2663,#2664,#2665,#2666,#2667,#2668,
#2669,#2670,#2671,#2672,#2673,#2674,#2675,#2676,#2677,#2678,#2679,#2680));
#2750=CLOSED_SHELL('',(#2681,#2682,#2683,#2684,#2685,#2686,#2687,#2688,
#2689,#2690,#2691,#2692,#2693,#2694,#2695,#2696,#2697,#2698,#2699,#2700,
#2701,#2702,#2703,#2704,#2705,#2706,#2707,#2708,#2709,#2710,#2711,#2712,
#2713,#2714,#2715,#2716,#2717,#2718,#2719,#2720,#2721,#2722,#2723,#2724,
#2725,#2726,#2727,#2728,#2729,#2730,#2731,#2732,#2733,#2734,#2735,#2736,
#2737,#2738,#2739,#2740,#2741,#2742,#2743,#2744,#2745,#2746,#2747,#2748));
#2751=DERIVED_UNIT_ELEMENT(#2753,1.);
#2752=DERIVED_UNIT_ELEMENT(#4484,-3.);
#2753=(
MASS_UNIT()
NAMED_UNIT(*)
SI_UNIT(.KILO.,.GRAM.)
);
#2754=DERIVED_UNIT((#2751,#2752));
#2755=MEASURE_REPRESENTATION_ITEM('density measure',
POSITIVE_RATIO_MEASURE(7850.),#2754);
#2756=PROPERTY_DEFINITION_REPRESENTATION(#2761,#2758);
#2757=PROPERTY_DEFINITION_REPRESENTATION(#2762,#2759);
#2758=REPRESENTATION('material name',(#2760),#4481);
#2759=REPRESENTATION('density',(#2755),#4481);
#2760=DESCRIPTIVE_REPRESENTATION_ITEM('Steel','Steel');
#2761=PROPERTY_DEFINITION('material property','material name',#4491);
#2762=PROPERTY_DEFINITION('material property','density of part',#4491);
#2763=AXIS2_PLACEMENT_3D('',#3682,#2956,#2957);
#2764=AXIS2_PLACEMENT_3D('',#3683,#2958,#2959);
#2765=AXIS2_PLACEMENT_3D('',#3686,#2960,#2961);
#2766=AXIS2_PLACEMENT_3D('',#3690,#2963,#2964);
#2767=AXIS2_PLACEMENT_3D('',#3692,#2966,#2967);
#2768=AXIS2_PLACEMENT_3D('',#3696,#2969,#2970);
#2769=AXIS2_PLACEMENT_3D('',#3702,#2973,#2974);
#2770=AXIS2_PLACEMENT_3D('',#3708,#2977,#2978);
#2771=AXIS2_PLACEMENT_3D('',#3712,#2980,#2981);
#2772=AXIS2_PLACEMENT_3D('',#3718,#2984,#2985);
#2773=AXIS2_PLACEMENT_3D('',#3724,#2988,#2989);
#2774=AXIS2_PLACEMENT_3D('',#3728,#2991,#2992);
#2775=AXIS2_PLACEMENT_3D('',#3734,#2995,#2996);
#2776=AXIS2_PLACEMENT_3D('',#3742,#3000,#3001);
#2777=AXIS2_PLACEMENT_3D('',#3748,#3004,#3005);
#2778=AXIS2_PLACEMENT_3D('',#3752,#3007,#3008);
#2779=AXIS2_PLACEMENT_3D('',#3756,#3010,#3011);
#2780=AXIS2_PLACEMENT_3D('',#3762,#3014,#3015);
#2781=AXIS2_PLACEMENT_3D('',#3766,#3018,#3019);
#2782=AXIS2_PLACEMENT_3D('',#3770,#3022,#3023);
#2783=AXIS2_PLACEMENT_3D('',#3772,#3024,#3025);
#2784=AXIS2_PLACEMENT_3D('',#3774,#3027,#3028);
#2785=AXIS2_PLACEMENT_3D('',#3777,#3029,#3030);
#2786=AXIS2_PLACEMENT_3D('',#3780,#3033,#3034);
#2787=AXIS2_PLACEMENT_3D('',#3784,#3037,#3038);
#2788=AXIS2_PLACEMENT_3D('',#3787,#3039,#3040);
#2789=AXIS2_PLACEMENT_3D('',#3790,#3043,#3044);
#2790=AXIS2_PLACEMENT_3D('',#3794,#3047,#3048);
#2791=AXIS2_PLACEMENT_3D('',#3796,#3049,#3050);
#2792=AXIS2_PLACEMENT_3D('',#3798,#3052,#3053);
#2793=AXIS2_PLACEMENT_3D('',#3801,#3054,#3055);
#2794=AXIS2_PLACEMENT_3D('',#3804,#3058,#3059);
#2795=AXIS2_PLACEMENT_3D('',#3808,#3062,#3063);
#2796=AXIS2_PLACEMENT_3D('',#3811,#3064,#3065);
#2797=AXIS2_PLACEMENT_3D('',#3814,#3068,#3069);
#2798=AXIS2_PLACEMENT_3D('',#3818,#3072,#3073);
#2799=AXIS2_PLACEMENT_3D('',#3820,#3074,#3075);
#2800=AXIS2_PLACEMENT_3D('',#3822,#3077,#3078);
#2801=AXIS2_PLACEMENT_3D('',#3825,#3079,#3080);
#2802=AXIS2_PLACEMENT_3D('',#3828,#3083,#3084);
#2803=AXIS2_PLACEMENT_3D('',#3832,#3087,#3088);
#2804=AXIS2_PLACEMENT_3D('',#3835,#3089,#3090);
#2805=AXIS2_PLACEMENT_3D('',#3838,#3093,#3094);
#2806=AXIS2_PLACEMENT_3D('',#3842,#3097,#3098);
#2807=AXIS2_PLACEMENT_3D('',#3845,#3099,#3100);
#2808=AXIS2_PLACEMENT_3D('',#3848,#3103,#3104);
#2809=AXIS2_PLACEMENT_3D('',#3852,#3107,#3108);
#2810=AXIS2_PLACEMENT_3D('',#3854,#3109,#3110);
#2811=AXIS2_PLACEMENT_3D('',#3856,#3112,#3113);
#2812=AXIS2_PLACEMENT_3D('',#3859,#3114,#3115);
#2813=AXIS2_PLACEMENT_3D('',#3862,#3118,#3119);
#2814=AXIS2_PLACEMENT_3D('',#3866,#3122,#3123);
#2815=AXIS2_PLACEMENT_3D('',#3869,#3124,#3125);
#2816=AXIS2_PLACEMENT_3D('',#3872,#3128,#3129);
#2817=AXIS2_PLACEMENT_3D('',#3874,#3131,#3132);
#2818=AXIS2_PLACEMENT_3D('',#3883,#3137,#3138);
#2819=AXIS2_PLACEMENT_3D('',#3889,#3142,#3143);
#2820=AXIS2_PLACEMENT_3D('',#3895,#3147,#3148);
#2821=AXIS2_PLACEMENT_3D('',#3905,#3154,#3155);
#2822=AXIS2_PLACEMENT_3D('',#3914,#3160,#3161);
#2823=AXIS2_PLACEMENT_3D('',#3920,#3165,#3166);
#2824=AXIS2_PLACEMENT_3D('',#3926,#3170,#3171);
#2825=AXIS2_PLACEMENT_3D('',#3932,#3175,#3176);
#2826=AXIS2_PLACEMENT_3D('',#3938,#3180,#3181);
#2827=AXIS2_PLACEMENT_3D('',#3944,#3185,#3186);
#2828=AXIS2_PLACEMENT_3D('',#3950,#3190,#3191);
#2829=AXIS2_PLACEMENT_3D('',#3956,#3195,#3196);
#2830=AXIS2_PLACEMENT_3D('',#3962,#3200,#3201);
#2831=AXIS2_PLACEMENT_3D('',#3968,#3205,#3206);
#2832=AXIS2_PLACEMENT_3D('',#3974,#3210,#3211);
#2833=AXIS2_PLACEMENT_3D('',#3980,#3215,#3216);
#2834=AXIS2_PLACEMENT_3D('',#3986,#3220,#3221);
#2835=AXIS2_PLACEMENT_3D('',#3989,#3224,#3225);
#2836=AXIS2_PLACEMENT_3D('',#3995,#3229,#3230);
#2837=AXIS2_PLACEMENT_3D('',#4001,#3234,#3235);
#2838=AXIS2_PLACEMENT_3D('',#4007,#3239,#3240);
#2839=AXIS2_PLACEMENT_3D('',#4013,#3244,#3245);
#2840=AXIS2_PLACEMENT_3D('',#4019,#3249,#3250);
#2841=AXIS2_PLACEMENT_3D('',#4025,#3254,#3255);
#2842=AXIS2_PLACEMENT_3D('',#4031,#3259,#3260);
#2843=AXIS2_PLACEMENT_3D('',#4037,#3264,#3265);
#2844=AXIS2_PLACEMENT_3D('',#4040,#3268,#3269);
#2845=AXIS2_PLACEMENT_3D('',#4042,#3271,#3272);
#2846=AXIS2_PLACEMENT_3D('',#4046,#3275,#3276);
#2847=AXIS2_PLACEMENT_3D('',#4048,#3278,#3279);
#2848=AXIS2_PLACEMENT_3D('',#4050,#3281,#3282);
#2849=AXIS2_PLACEMENT_3D('',#4054,#3285,#3286);
#2850=AXIS2_PLACEMENT_3D('',#4057,#3289,#3290);
#2851=AXIS2_PLACEMENT_3D('',#4059,#3292,#3293);
#2852=AXIS2_PLACEMENT_3D('',#4063,#3296,#3297);
#2853=AXIS2_PLACEMENT_3D('',#4065,#3299,#3300);
#2854=AXIS2_PLACEMENT_3D('',#4067,#3302,#3303);
#2855=AXIS2_PLACEMENT_3D('',#4071,#3306,#3307);
#2856=AXIS2_PLACEMENT_3D('',#4073,#3309,#3310);
#2857=AXIS2_PLACEMENT_3D('',#4077,#3313,#3314);
#2858=AXIS2_PLACEMENT_3D('',#4079,#3316,#3317);
#2859=AXIS2_PLACEMENT_3D('',#4080,#3318,#3319);
#2860=AXIS2_PLACEMENT_3D('',#4081,#3320,#3321);
#2861=AXIS2_PLACEMENT_3D('',#4084,#3322,#3323);
#2862=AXIS2_PLACEMENT_3D('',#4088,#3325,#3326);
#2863=AXIS2_PLACEMENT_3D('',#4090,#3328,#3329);
#2864=AXIS2_PLACEMENT_3D('',#4096,#3333,#3334);
#2865=AXIS2_PLACEMENT_3D('',#4102,#3337,#3338);
#2866=AXIS2_PLACEMENT_3D('',#4108,#3341,#3342);
#2867=AXIS2_PLACEMENT_3D('',#4112,#3344,#3345);
#2868=AXIS2_PLACEMENT_3D('',#4118,#3348,#3349);
#2869=AXIS2_PLACEMENT_3D('',#4124,#3352,#3353);
#2870=AXIS2_PLACEMENT_3D('',#4128,#3355,#3356);
#2871=AXIS2_PLACEMENT_3D('',#4132,#3358,#3359);
#2872=AXIS2_PLACEMENT_3D('',#4138,#3362,#3363);
#2873=AXIS2_PLACEMENT_3D('',#4146,#3367,#3368);
#2874=AXIS2_PLACEMENT_3D('',#4152,#3371,#3372);
#2875=AXIS2_PLACEMENT_3D('',#4156,#3374,#3375);
#2876=AXIS2_PLACEMENT_3D('',#4162,#3378,#3379);
#2877=AXIS2_PLACEMENT_3D('',#4167,#3382,#3383);
#2878=AXIS2_PLACEMENT_3D('',#4168,#3384,#3385);
#2879=AXIS2_PLACEMENT_3D('',#4171,#3386,#3387);
#2880=AXIS2_PLACEMENT_3D('',#4174,#3390,#3391);
#2881=AXIS2_PLACEMENT_3D('',#4178,#3394,#3395);
#2882=AXIS2_PLACEMENT_3D('',#4181,#3396,#3397);
#2883=AXIS2_PLACEMENT_3D('',#4184,#3400,#3401);
#2884=AXIS2_PLACEMENT_3D('',#4188,#3404,#3405);
#2885=AXIS2_PLACEMENT_3D('',#4190,#3406,#3407);
#2886=AXIS2_PLACEMENT_3D('',#4192,#3409,#3410);
#2887=AXIS2_PLACEMENT_3D('',#4195,#3411,#3412);
#2888=AXIS2_PLACEMENT_3D('',#4198,#3415,#3416);
#2889=AXIS2_PLACEMENT_3D('',#4202,#3419,#3420);
#2890=AXIS2_PLACEMENT_3D('',#4205,#3421,#3422);
#2891=AXIS2_PLACEMENT_3D('',#4208,#3425,#3426);
#2892=AXIS2_PLACEMENT_3D('',#4212,#3429,#3430);
#2893=AXIS2_PLACEMENT_3D('',#4214,#3431,#3432);
#2894=AXIS2_PLACEMENT_3D('',#4216,#3434,#3435);
#2895=AXIS2_PLACEMENT_3D('',#4220,#3438,#3439);
#2896=AXIS2_PLACEMENT_3D('',#4223,#3440,#3441);
#2897=AXIS2_PLACEMENT_3D('',#4226,#3444,#3445);
#2898=AXIS2_PLACEMENT_3D('',#4230,#3448,#3449);
#2899=AXIS2_PLACEMENT_3D('',#4233,#3450,#3451);
#2900=AXIS2_PLACEMENT_3D('',#4236,#3454,#3455);
#2901=AXIS2_PLACEMENT_3D('',#4240,#3458,#3459);
#2902=AXIS2_PLACEMENT_3D('',#4242,#3460,#3461);
#2903=AXIS2_PLACEMENT_3D('',#4244,#3463,#3464);
#2904=AXIS2_PLACEMENT_3D('',#4248,#3467,#3468);
#2905=AXIS2_PLACEMENT_3D('',#4251,#3469,#3470);
#2906=AXIS2_PLACEMENT_3D('',#4254,#3473,#3474);
#2907=AXIS2_PLACEMENT_3D('',#4258,#3477,#3478);
#2908=AXIS2_PLACEMENT_3D('',#4261,#3479,#3480);
#2909=AXIS2_PLACEMENT_3D('',#4264,#3483,#3484);
#2910=AXIS2_PLACEMENT_3D('',#4268,#3487,#3488);
#2911=AXIS2_PLACEMENT_3D('',#4271,#3489,#3490);
#2912=AXIS2_PLACEMENT_3D('',#4274,#3493,#3494);
#2913=AXIS2_PLACEMENT_3D('',#4278,#3497,#3498);
#2914=AXIS2_PLACEMENT_3D('',#4280,#3499,#3500);
#2915=AXIS2_PLACEMENT_3D('',#4282,#3502,#3503);
#2916=AXIS2_PLACEMENT_3D('',#4291,#3508,#3509);
#2917=AXIS2_PLACEMENT_3D('',#4297,#3513,#3514);
#2918=AXIS2_PLACEMENT_3D('',#4303,#3518,#3519);
#2919=AXIS2_PLACEMENT_3D('',#4313,#3525,#3526);
#2920=AXIS2_PLACEMENT_3D('',#4322,#3531,#3532);
#2921=AXIS2_PLACEMENT_3D('',#4328,#3536,#3537);
#2922=AXIS2_PLACEMENT_3D('',#4334,#3541,#3542);
#2923=AXIS2_PLACEMENT_3D('',#4340,#3546,#3547);
#2924=AXIS2_PLACEMENT_3D('',#4346,#3551,#3552);
#2925=AXIS2_PLACEMENT_3D('',#4352,#3556,#3557);
#2926=AXIS2_PLACEMENT_3D('',#4358,#3561,#3562);
#2927=AXIS2_PLACEMENT_3D('',#4364,#3566,#3567);
#2928=AXIS2_PLACEMENT_3D('',#4370,#3571,#3572);
#2929=AXIS2_PLACEMENT_3D('',#4376,#3576,#3577);
#2930=AXIS2_PLACEMENT_3D('',#4382,#3581,#3582);
#2931=AXIS2_PLACEMENT_3D('',#4388,#3586,#3587);
#2932=AXIS2_PLACEMENT_3D('',#4394,#3591,#3592);
#2933=AXIS2_PLACEMENT_3D('',#4397,#3595,#3596);
#2934=AXIS2_PLACEMENT_3D('',#4403,#3600,#3601);
#2935=AXIS2_PLACEMENT_3D('',#4409,#3605,#3606);
#2936=AXIS2_PLACEMENT_3D('',#4415,#3610,#3611);
#2937=AXIS2_PLACEMENT_3D('',#4421,#3615,#3616);
#2938=AXIS2_PLACEMENT_3D('',#4427,#3620,#3621);
#2939=AXIS2_PLACEMENT_3D('',#4433,#3625,#3626);
#2940=AXIS2_PLACEMENT_3D('',#4439,#3630,#3631);
#2941=AXIS2_PLACEMENT_3D('',#4445,#3635,#3636);
#2942=AXIS2_PLACEMENT_3D('',#4448,#3639,#3640);
#2943=AXIS2_PLACEMENT_3D('',#4450,#3642,#3643);
#2944=AXIS2_PLACEMENT_3D('',#4452,#3645,#3646);
#2945=AXIS2_PLACEMENT_3D('',#4454,#3648,#3649);
#2946=AXIS2_PLACEMENT_3D('',#4458,#3652,#3653);
#2947=AXIS2_PLACEMENT_3D('',#4460,#3655,#3656);
#2948=AXIS2_PLACEMENT_3D('',#4463,#3659,#3660);
#2949=AXIS2_PLACEMENT_3D('',#4465,#3662,#3663);
#2950=AXIS2_PLACEMENT_3D('',#4467,#3665,#3666);
#2951=AXIS2_PLACEMENT_3D('',#4469,#3668,#3669);
#2952=AXIS2_PLACEMENT_3D('',#4473,#3672,#3673);
#2953=AXIS2_PLACEMENT_3D('',#4475,#3675,#3676);
#2954=AXIS2_PLACEMENT_3D('',#4477,#3678,#3679);
#2955=AXIS2_PLACEMENT_3D('',#4478,#3680,#3681);
#2956=DIRECTION('axis',(0.,0.,1.));
#2957=DIRECTION('refdir',(1.,0.,0.));
#2958=DIRECTION('center_axis',(0.,1.,0.));
#2959=DIRECTION('ref_axis',(-0.707106781186547,0.,-0.707106781186547));
#2960=DIRECTION('center_axis',(0.,-1.,0.));
#2961=DIRECTION('ref_axis',(-0.707106781186547,0.,-0.707106781186547));
#2962=DIRECTION('',(0.,-1.,0.));
#2963=DIRECTION('center_axis',(0.,1.,0.));
#2964=DIRECTION('ref_axis',(-0.707106781186547,0.,-0.707106781186547));
#2965=DIRECTION('',(0.,1.,0.));
#2966=DIRECTION('center_axis',(0.,1.,0.));
#2967=DIRECTION('ref_axis',(1.,0.,0.));
#2968=DIRECTION('',(-1.,0.,-2.03157532717895E-15));
#2969=DIRECTION('center_axis',(0.,1.,0.));
#2970=DIRECTION('ref_axis',(0.707106781186547,0.,-0.707106781186547));
#2971=DIRECTION('',(0.,0.,-1.));
#2972=DIRECTION('',(-1.,0.,-1.56382430683192E-15));
#2973=DIRECTION('center_axis',(0.,1.,0.));
#2974=DIRECTION('ref_axis',(0.707106781186547,0.,-0.707106781186547));
#2975=DIRECTION('',(0.,0.,-1.));
#2976=DIRECTION('',(-1.,0.,-8.07544476950717E-16));
#2977=DIRECTION('center_axis',(0.,1.,0.));
#2978=DIRECTION('ref_axis',(0.707106781186547,0.,-0.707106781186547));
#2979=DIRECTION('',(0.,0.,-1.));
#2980=DIRECTION('center_axis',(0.,1.,0.));
#2981=DIRECTION('ref_axis',(0.707106781186547,0.,0.707106781186547));
#2982=DIRECTION('',(1.,0.,4.182302870847E-15));
#2983=DIRECTION('',(0.,0.,-1.));
#2984=DIRECTION('center_axis',(0.,1.,0.));
#2985=DIRECTION('ref_axis',(0.707106781186547,0.,0.707106781186547));
#2986=DIRECTION('',(1.,0.,0.));
#2987=DIRECTION('',(0.,0.,-1.));
#2988=DIRECTION('center_axis',(0.,1.,0.));
#2989=DIRECTION('ref_axis',(0.707106781186547,0.,0.707106781186547));
#2990=DIRECTION('',(1.,0.,1.06002572528956E-15));
#2991=DIRECTION('center_axis',(0.,1.,0.));
#2992=DIRECTION('ref_axis',(-0.707106781186547,0.,0.707106781186547));
#2993=DIRECTION('',(0.,0.,1.));
#2994=DIRECTION('',(1.,0.,0.));
#2995=DIRECTION('center_axis',(0.,1.,0.));
#2996=DIRECTION('ref_axis',(-0.707106781186547,0.,0.707106781186547));
#2997=DIRECTION('',(0.,0.,1.));
#2998=DIRECTION('',(1.,0.,0.));
#2999=DIRECTION('',(0.,0.,-1.));
#3000=DIRECTION('center_axis',(0.,1.,0.));
#3001=DIRECTION('ref_axis',(0.707106781186547,0.,0.707106781186547));
#3002=DIRECTION('',(1.,0.,9.49004245976042E-16));
#3003=DIRECTION('',(0.,0.,-1.));
#3004=DIRECTION('center_axis',(0.,1.,0.));
#3005=DIRECTION('ref_axis',(0.707106781186547,0.,0.707106781186547));
#3006=DIRECTION('',(1.,0.,6.58564842411286E-16));
#3007=DIRECTION('center_axis',(0.,1.,0.));
#3008=DIRECTION('ref_axis',(-0.707106781186547,0.,0.707106781186548));
#3009=DIRECTION('',(0.,0.,-1.));
#3010=DIRECTION('center_axis',(0.,1.,0.));
#3011=DIRECTION('ref_axis',(-0.707106781186549,0.,-0.707106781186546));
#3012=DIRECTION('',(-1.,0.,7.50945279509103E-16));
#3013=DIRECTION('',(0.,0.,1.));
#3014=DIRECTION('center_axis',(0.,1.,0.));
#3015=DIRECTION('ref_axis',(-0.707106781186547,0.,-0.707106781186548));
#3016=DIRECTION('',(-1.,0.,-7.43583126287724E-16));
#3017=DIRECTION('',(0.,0.,1.));
#3018=DIRECTION('center_axis',(2.03157532717895E-15,0.,-1.));
#3019=DIRECTION('ref_axis',(-1.,0.,-2.03157532717895E-15));
#3020=DIRECTION('',(-1.,0.,-2.03157532717895E-15));
#3021=DIRECTION('',(0.,1.,0.));
#3022=DIRECTION('center_axis',(0.,1.,0.));
#3023=DIRECTION('ref_axis',(0.707106781186547,0.,-0.707106781186547));
#3024=DIRECTION('center_axis',(0.,-1.,0.));
#3025=DIRECTION('ref_axis',(0.707106781186547,0.,-0.707106781186547));
#3026=DIRECTION('',(0.,-1.,0.));
#3027=DIRECTION('center_axis',(0.,1.,0.));
#3028=DIRECTION('ref_axis',(0.707106781186547,0.,-0.707106781186547));
#3029=DIRECTION('center_axis',(0.,-1.,0.));
#3030=DIRECTION('ref_axis',(0.707106781186547,0.,-0.707106781186547));
#3031=DIRECTION('',(0.,-1.,0.));
#3032=DIRECTION('',(0.,1.,0.));
#3033=DIRECTION('center_axis',(1.56382430683192E-15,0.,-1.));
#3034=DIRECTION('ref_axis',(-1.,0.,-1.56382430683192E-15));
#3035=DIRECTION('',(0.,1.,0.));
#3036=DIRECTION('',(-1.,0.,-1.56382430683192E-15));
#3037=DIRECTION('center_axis',(0.,1.,0.));
#3038=DIRECTION('ref_axis',(0.707106781186547,0.,-0.707106781186547));
#3039=DIRECTION('center_axis',(0.,-1.,0.));
#3040=DIRECTION('ref_axis',(0.707106781186547,0.,-0.707106781186547));
#3041=DIRECTION('',(0.,-1.,0.));
#3042=DIRECTION('',(0.,1.,0.));
#3043=DIRECTION('center_axis',(1.,0.,0.));
#3044=DIRECTION('ref_axis',(0.,0.,-1.));
#3045=DIRECTION('',(0.,0.,-1.));
#3046=DIRECTION('',(0.,1.,0.));
#3047=DIRECTION('center_axis',(0.,1.,0.));
#3048=DIRECTION('ref_axis',(0.707106781186547,0.,0.707106781186547));
#3049=DIRECTION('center_axis',(0.,-1.,0.));
#3050=DIRECTION('ref_axis',(0.707106781186547,0.,0.707106781186547));
#3051=DIRECTION('',(0.,-1.,0.));
#3052=DIRECTION('center_axis',(0.,1.,0.));
#3053=DIRECTION('ref_axis',(0.707106781186547,0.,0.707106781186547));
#3054=DIRECTION('center_axis',(0.,-1.,0.));
#3055=DIRECTION('ref_axis',(0.707106781186547,0.,0.707106781186547));
#3056=DIRECTION('',(0.,-1.,0.));
#3057=DIRECTION('',(0.,1.,0.));
#3058=DIRECTION('center_axis',(1.,0.,0.));
#3059=DIRECTION('ref_axis',(0.,0.,-1.));
#3060=DIRECTION('',(0.,1.,0.));
#3061=DIRECTION('',(0.,0.,-1.));
#3062=DIRECTION('center_axis',(0.,1.,0.));
#3063=DIRECTION('ref_axis',(0.707106781186547,0.,0.707106781186547));
#3064=DIRECTION('center_axis',(0.,-1.,0.));
#3065=DIRECTION('ref_axis',(0.707106781186547,0.,0.707106781186547));
#3066=DIRECTION('',(0.,-1.,0.));
#3067=DIRECTION('',(0.,1.,0.));
#3068=DIRECTION('center_axis',(-1.06002572528956E-15,0.,1.));
#3069=DIRECTION('ref_axis',(1.,0.,1.06002572528956E-15));
#3070=DIRECTION('',(1.,0.,1.06002572528956E-15));
#3071=DIRECTION('',(0.,1.,0.));
#3072=DIRECTION('center_axis',(0.,1.,0.));
#3073=DIRECTION('ref_axis',(-0.707106781186547,0.,0.707106781186547));
#3074=DIRECTION('center_axis',(0.,-1.,0.));
#3075=DIRECTION('ref_axis',(-0.707106781186547,0.,0.707106781186547));
#3076=DIRECTION('',(0.,-1.,0.));
#3077=DIRECTION('center_axis',(0.,1.,0.));
#3078=DIRECTION('ref_axis',(-0.707106781186547,0.,0.707106781186547));
#3079=DIRECTION('center_axis',(0.,-1.,0.));
#3080=DIRECTION('ref_axis',(-0.707106781186547,0.,0.707106781186547));
#3081=DIRECTION('',(0.,-1.,0.));
#3082=DIRECTION('',(0.,1.,0.));
#3083=DIRECTION('center_axis',(0.,0.,1.));
#3084=DIRECTION('ref_axis',(1.,0.,0.));
#3085=DIRECTION('',(0.,1.,0.));
#3086=DIRECTION('',(1.,0.,0.));
#3087=DIRECTION('center_axis',(0.,1.,0.));
#3088=DIRECTION('ref_axis',(0.707106781186547,0.,0.707106781186547));
#3089=DIRECTION('center_axis',(0.,-1.,0.));
#3090=DIRECTION('ref_axis',(0.707106781186547,0.,0.707106781186547));
#3091=DIRECTION('',(0.,-1.,0.));
#3092=DIRECTION('',(0.,1.,0.));
#3093=DIRECTION('center_axis',(1.,0.,0.));
#3094=DIRECTION('ref_axis',(0.,0.,-1.));
#3095=DIRECTION('',(0.,1.,0.));
#3096=DIRECTION('',(0.,0.,-1.));
#3097=DIRECTION('center_axis',(0.,1.,0.));
#3098=DIRECTION('ref_axis',(0.707106781186547,0.,0.707106781186547));
#3099=DIRECTION('center_axis',(0.,-1.,0.));
#3100=DIRECTION('ref_axis',(0.707106781186547,0.,0.707106781186547));
#3101=DIRECTION('',(0.,-1.,0.));
#3102=DIRECTION('',(0.,1.,0.));
#3103=DIRECTION('center_axis',(-6.58564842411286E-16,0.,1.));
#3104=DIRECTION('ref_axis',(1.,0.,6.58564842411286E-16));
#3105=DIRECTION('',(1.,0.,6.58564842411286E-16));
#3106=DIRECTION('',(0.,1.,0.));
#3107=DIRECTION('center_axis',(0.,1.,0.));
#3108=DIRECTION('ref_axis',(-0.707106781186547,0.,0.707106781186548));
#3109=DIRECTION('center_axis',(0.,-1.,0.));
#3110=DIRECTION('ref_axis',(-0.707106781186547,0.,0.707106781186548));
#3111=DIRECTION('',(0.,-1.,0.));
#3112=DIRECTION('center_axis',(0.,1.,0.));
#3113=DIRECTION('ref_axis',(-0.707106781186547,0.,-0.707106781186548));
#3114=DIRECTION('center_axis',(0.,-1.,0.));
#3115=DIRECTION('ref_axis',(-0.707106781186547,0.,-0.707106781186548));
#3116=DIRECTION('',(0.,-1.,0.));
#3117=DIRECTION('',(0.,1.,0.));
#3118=DIRECTION('center_axis',(-1.,0.,0.));
#3119=DIRECTION('ref_axis',(0.,0.,1.));
#3120=DIRECTION('',(0.,1.,0.));
#3121=DIRECTION('',(0.,0.,1.));
#3122=DIRECTION('center_axis',(0.,1.,0.));
#3123=DIRECTION('ref_axis',(-0.707106781186549,0.,-0.707106781186546));
#3124=DIRECTION('center_axis',(0.,-1.,0.));
#3125=DIRECTION('ref_axis',(-0.707106781186549,0.,-0.707106781186546));
#3126=DIRECTION('',(0.,-1.,0.));
#3127=DIRECTION('',(0.,1.,0.));
#3128=DIRECTION('center_axis',(-7.50945279509103E-16,0.,-1.));
#3129=DIRECTION('ref_axis',(-1.,0.,7.50945279509103E-16));
#3130=DIRECTION('',(-1.,0.,7.50945279509103E-16));
#3131=DIRECTION('center_axis',(0.,-1.,0.));
#3132=DIRECTION('ref_axis',(1.,0.,0.));
#3133=DIRECTION('',(-1.,0.,0.));
#3134=DIRECTION('',(0.,0.,1.));
#3135=DIRECTION('',(1.,0.,8.07544476950717E-16));
#3136=DIRECTION('',(0.,0.,1.));
#3137=DIRECTION('center_axis',(-1.,0.,0.));
#3138=DIRECTION('ref_axis',(0.,-1.,0.));
#3139=DIRECTION('',(0.,1.,0.));
#3140=DIRECTION('',(0.,-1.,0.));
#3141=DIRECTION('',(0.,0.,-1.));
#3142=DIRECTION('center_axis',(1.,0.,0.));
#3143=DIRECTION('ref_axis',(0.,1.,0.));
#3144=DIRECTION('',(0.,-1.,0.));
#3145=DIRECTION('',(0.,0.,1.));
#3146=DIRECTION('',(0.,1.,0.));
#3147=DIRECTION('center_axis',(0.,0.,1.));
#3148=DIRECTION('ref_axis',(1.,0.,0.));
#3149=DIRECTION('',(1.,0.,0.));
#3150=DIRECTION('',(0.,1.,0.));
#3151=DIRECTION('',(-1.,0.,0.));
#3152=DIRECTION('',(0.,1.,0.));
#3153=DIRECTION('',(1.,0.,0.));
#3154=DIRECTION('center_axis',(-1.,0.,0.));
#3155=DIRECTION('ref_axis',(0.,0.,1.));
#3156=DIRECTION('',(0.,0.,-1.));
#3157=DIRECTION('',(0.,1.,0.));
#3158=DIRECTION('',(0.,0.,1.));
#3159=DIRECTION('',(0.,1.,0.));
#3160=DIRECTION('center_axis',(0.,0.,-1.));
#3161=DIRECTION('ref_axis',(-1.,0.,0.));
#3162=DIRECTION('',(1.,0.,0.));
#3163=DIRECTION('',(0.,1.,0.));
#3164=DIRECTION('',(-1.,0.,0.));
#3165=DIRECTION('center_axis',(-1.,0.,0.));
#3166=DIRECTION('ref_axis',(0.,0.,1.));
#3167=DIRECTION('',(0.,0.,-1.));
#3168=DIRECTION('',(0.,1.,0.));
#3169=DIRECTION('',(0.,0.,1.));
#3170=DIRECTION('center_axis',(0.,0.,-1.));
#3171=DIRECTION('ref_axis',(-1.,0.,0.));
#3172=DIRECTION('',(1.,0.,0.));
#3173=DIRECTION('',(0.,1.,0.));
#3174=DIRECTION('',(-1.,0.,0.));
#3175=DIRECTION('center_axis',(1.,0.,0.));
#3176=DIRECTION('ref_axis',(0.,0.,-1.));
#3177=DIRECTION('',(0.,0.,1.));
#3178=DIRECTION('',(0.,1.,0.));
#3179=DIRECTION('',(0.,0.,-1.));
#3180=DIRECTION('center_axis',(0.,0.,-1.));
#3181=DIRECTION('ref_axis',(-1.,0.,0.));
#3182=DIRECTION('',(1.,0.,0.));
#3183=DIRECTION('',(0.,1.,0.));
#3184=DIRECTION('',(-1.,0.,0.));
#3185=DIRECTION('center_axis',(1.,0.,0.));
#3186=DIRECTION('ref_axis',(0.,0.,-1.));
#3187=DIRECTION('',(0.,0.,1.));
#3188=DIRECTION('',(0.,1.,0.));
#3189=DIRECTION('',(0.,0.,-1.));
#3190=DIRECTION('center_axis',(0.,0.,-1.));
#3191=DIRECTION('ref_axis',(-1.,0.,0.));
#3192=DIRECTION('',(1.,0.,0.));
#3193=DIRECTION('',(0.,1.,0.));
#3194=DIRECTION('',(-1.,0.,0.));
#3195=DIRECTION('center_axis',(-1.,0.,0.));
#3196=DIRECTION('ref_axis',(0.,0.,1.));
#3197=DIRECTION('',(0.,0.,-1.));
#3198=DIRECTION('',(0.,1.,0.));
#3199=DIRECTION('',(0.,0.,1.));
#3200=DIRECTION('center_axis',(0.,0.,-1.));
#3201=DIRECTION('ref_axis',(-1.,0.,0.));
#3202=DIRECTION('',(1.,0.,0.));
#3203=DIRECTION('',(0.,1.,0.));
#3204=DIRECTION('',(-1.,0.,0.));
#3205=DIRECTION('center_axis',(-1.,0.,0.));
#3206=DIRECTION('ref_axis',(0.,0.,1.));
#3207=DIRECTION('',(0.,0.,-1.));
#3208=DIRECTION('',(0.,1.,0.));
#3209=DIRECTION('',(0.,0.,1.));
#3210=DIRECTION('center_axis',(0.,0.,-1.));
#3211=DIRECTION('ref_axis',(-1.,0.,0.));
#3212=DIRECTION('',(1.,0.,0.));
#3213=DIRECTION('',(0.,1.,0.));
#3214=DIRECTION('',(-1.,0.,0.));
#3215=DIRECTION('center_axis',(0.,0.,-1.));
#3216=DIRECTION('ref_axis',(-1.,0.,0.));
#3217=DIRECTION('',(1.,0.,0.));
#3218=DIRECTION('',(-1.,0.,0.));
#3219=DIRECTION('',(0.,1.,0.));
#3220=DIRECTION('center_axis',(-1.,0.,0.));
#3221=DIRECTION('ref_axis',(0.,0.,1.));
#3222=DIRECTION('',(0.,0.,-1.));
#3223=DIRECTION('',(0.,0.,1.));
#3224=DIRECTION('center_axis',(-1.,0.,0.));
#3225=DIRECTION('ref_axis',(0.,0.,1.));
#3226=DIRECTION('',(0.,0.,-1.));
#3227=DIRECTION('',(0.,0.,1.));
#3228=DIRECTION('',(0.,1.,0.));
#3229=DIRECTION('center_axis',(0.,0.,1.));
#3230=DIRECTION('ref_axis',(1.,0.,0.));
#3231=DIRECTION('',(-1.,0.,0.));
#3232=DIRECTION('',(1.,0.,0.));
#3233=DIRECTION('',(0.,1.,0.));
#3234=DIRECTION('center_axis',(-1.,0.,0.));
#3235=DIRECTION('ref_axis',(0.,0.,1.));
#3236=DIRECTION('',(0.,0.,-1.));
#3237=DIRECTION('',(0.,0.,1.));
#3238=DIRECTION('',(0.,1.,0.));
#3239=DIRECTION('center_axis',(0.,0.,1.));
#3240=DIRECTION('ref_axis',(1.,0.,0.));
#3241=DIRECTION('',(-1.,0.,0.));
#3242=DIRECTION('',(1.,0.,0.));
#3243=DIRECTION('',(0.,1.,0.));
#3244=DIRECTION('center_axis',(1.,0.,0.));
#3245=DIRECTION('ref_axis',(0.,0.,-1.));
#3246=DIRECTION('',(0.,0.,1.));
#3247=DIRECTION('',(0.,0.,-1.));
#3248=DIRECTION('',(0.,1.,0.));
#3249=DIRECTION('center_axis',(0.,0.,1.));
#3250=DIRECTION('ref_axis',(1.,0.,0.));
#3251=DIRECTION('',(-1.,0.,0.));
#3252=DIRECTION('',(1.,0.,0.));
#3253=DIRECTION('',(0.,1.,0.));
#3254=DIRECTION('center_axis',(1.,0.,0.));
#3255=DIRECTION('ref_axis',(0.,0.,-1.));
#3256=DIRECTION('',(0.,0.,1.));
#3257=DIRECTION('',(0.,0.,-1.));
#3258=DIRECTION('',(0.,1.,0.));
#3259=DIRECTION('center_axis',(0.,0.,1.));
#3260=DIRECTION('ref_axis',(1.,0.,0.));
#3261=DIRECTION('',(-1.,0.,0.));
#3262=DIRECTION('',(1.,0.,0.));
#3263=DIRECTION('',(0.,1.,0.));
#3264=DIRECTION('center_axis',(1.,0.,5.53727194326761E-17));
#3265=DIRECTION('ref_axis',(5.53727194326761E-17,0.,-1.));
#3266=DIRECTION('',(-5.53727194326761E-17,0.,1.));
#3267=DIRECTION('',(5.53727194326761E-17,0.,-1.));
#3268=DIRECTION('center_axis',(-1.,0.,0.));
#3269=DIRECTION('ref_axis',(0.,0.,1.));
#3270=DIRECTION('',(0.,0.,1.));
#3271=DIRECTION('center_axis',(7.43583126287724E-16,0.,-1.));
#3272=DIRECTION('ref_axis',(-1.,0.,-7.43583126287724E-16));
#3273=DIRECTION('',(-1.,0.,-7.43583126287724E-16));
#3274=DIRECTION('',(0.,1.,0.));
#3275=DIRECTION('center_axis',(-1.,0.,0.));
#3276=DIRECTION('ref_axis',(0.,0.,1.));
#3277=DIRECTION('',(0.,0.,1.));
#3278=DIRECTION('center_axis',(1.,0.,0.));
#3279=DIRECTION('ref_axis',(0.,0.,-1.));
#3280=DIRECTION('',(0.,0.,-1.));
#3281=DIRECTION('center_axis',(1.,0.,0.));
#3282=DIRECTION('ref_axis',(0.,0.,-1.));
#3283=DIRECTION('',(0.,0.,-1.));
#3284=DIRECTION('',(0.,1.,0.));
#3285=DIRECTION('center_axis',(8.07544476950717E-16,0.,-1.));
#3286=DIRECTION('ref_axis',(-1.,0.,-8.07544476950717E-16));
#3287=DIRECTION('',(-1.,0.,-8.07544476950717E-16));
#3288=DIRECTION('',(-1.,0.,-8.07544476950717E-16));
#3289=DIRECTION('center_axis',(-4.182302870847E-15,0.,1.));
#3290=DIRECTION('ref_axis',(1.,0.,4.182302870847E-15));
#3291=DIRECTION('',(1.,0.,4.182302870847E-15));
#3292=DIRECTION('center_axis',(0.,0.,1.));
#3293=DIRECTION('ref_axis',(1.,0.,0.));
#3294=DIRECTION('',(1.,0.,0.));
#3295=DIRECTION('',(0.,1.,0.));
#3296=DIRECTION('center_axis',(1.,0.,0.));
#3297=DIRECTION('ref_axis',(0.,0.,-1.));
#3298=DIRECTION('',(0.,0.,-1.));
#3299=DIRECTION('center_axis',(-1.,0.,0.));
#3300=DIRECTION('ref_axis',(0.,0.,1.));
#3301=DIRECTION('',(0.,0.,1.));
#3302=DIRECTION('center_axis',(-1.,0.,0.));
#3303=DIRECTION('ref_axis',(0.,0.,1.));
#3304=DIRECTION('',(0.,0.,1.));
#3305=DIRECTION('',(0.,1.,0.));
#3306=DIRECTION('center_axis',(0.,0.,1.));
#3307=DIRECTION('ref_axis',(1.,0.,0.));
#3308=DIRECTION('',(1.,0.,0.));
#3309=DIRECTION('center_axis',(-9.49004245976042E-16,0.,1.));
#3310=DIRECTION('ref_axis',(1.,0.,9.49004245976042E-16));
#3311=DIRECTION('',(1.,0.,9.49004245976042E-16));
#3312=DIRECTION('',(0.,1.,0.));
#3313=DIRECTION('center_axis',(1.,0.,0.));
#3314=DIRECTION('ref_axis',(0.,0.,-1.));
#3315=DIRECTION('',(0.,0.,-1.));
#3316=DIRECTION('center_axis',(0.,1.,0.));
#3317=DIRECTION('ref_axis',(0.,0.,1.));
#3318=DIRECTION('center_axis',(0.,1.,0.));
#3319=DIRECTION('ref_axis',(0.,0.,1.));
#3320=DIRECTION('center_axis',(0.,1.,0.));
#3321=DIRECTION('ref_axis',(-0.707106781186547,0.,-0.707106781186547));
#3322=DIRECTION('center_axis',(0.,-1.,0.));
#3323=DIRECTION('ref_axis',(-0.707106781186547,0.,-0.707106781186547));
#3324=DIRECTION('',(0.,-1.,0.));
#3325=DIRECTION('center_axis',(0.,1.,0.));
#3326=DIRECTION('ref_axis',(-0.707106781186547,0.,-0.707106781186547));
#3327=DIRECTION('',(0.,1.,0.));
#3328=DIRECTION('center_axis',(1.,0.,0.));
#3329=DIRECTION('ref_axis',(0.,0.,-1.));
#3330=DIRECTION('',(0.,0.,-1.));
#3331=DIRECTION('',(0.,-1.,0.));
#3332=DIRECTION('',(0.,0.,-1.));
#3333=DIRECTION('center_axis',(0.,-1.,0.));
#3334=DIRECTION('ref_axis',(-1.,0.,0.));
#3335=DIRECTION('',(1.,0.,-8.07544476950717E-16));
#3336=DIRECTION('',(0.,0.,-1.));
#3337=DIRECTION('center_axis',(0.,1.,0.));
#3338=DIRECTION('ref_axis',(-0.70710678118655,0.,-0.707106781186545));
#3339=DIRECTION('',(1.,0.,-1.56382430683192E-15));
#3340=DIRECTION('',(0.,0.,-1.));
#3341=DIRECTION('center_axis',(0.,1.,0.));
#3342=DIRECTION('ref_axis',(-0.707106781186547,0.,-0.707106781186547));
#3343=DIRECTION('',(1.,0.,-2.03157532717895E-15));
#3344=DIRECTION('center_axis',(0.,1.,0.));
#3345=DIRECTION('ref_axis',(0.707106781186547,0.,-0.707106781186547));
#3346=DIRECTION('',(0.,0.,1.));
#3347=DIRECTION('',(1.,0.,-7.43583126287724E-16));
#3348=DIRECTION('center_axis',(0.,1.,0.));
#3349=DIRECTION('ref_axis',(0.707106781186547,0.,-0.707106781186547));
#3350=DIRECTION('',(0.,0.,1.));
#3351=DIRECTION('',(1.,0.,7.50945279509103E-16));
#3352=DIRECTION('center_axis',(0.,1.,0.));
#3353=DIRECTION('ref_axis',(0.707106781186547,0.,-0.707106781186547));
#3354=DIRECTION('',(0.,0.,-1.));
#3355=DIRECTION('center_axis',(0.,1.,0.));
#3356=DIRECTION('ref_axis',(0.707106781186547,0.,0.707106781186548));
#3357=DIRECTION('',(-1.,0.,6.58564842411286E-16));
#3358=DIRECTION('center_axis',(0.,1.,0.));
#3359=DIRECTION('ref_axis',(-0.707106781186547,0.,0.707106781186547));
#3360=DIRECTION('',(0.,0.,-1.));
#3361=DIRECTION('',(-1.,0.,9.49004245976042E-16));
#3362=DIRECTION('center_axis',(0.,1.,0.));
#3363=DIRECTION('ref_axis',(-0.707106781186547,0.,0.707106781186547));
#3364=DIRECTION('',(0.,0.,-1.));
#3365=DIRECTION('',(-1.,0.,0.));
#3366=DIRECTION('',(0.,0.,1.));
#3367=DIRECTION('center_axis',(0.,1.,0.));
#3368=DIRECTION('ref_axis',(0.707106781186547,0.,0.707106781186547));
#3369=DIRECTION('',(-1.,0.,0.));
#3370=DIRECTION('',(0.,0.,1.));
#3371=DIRECTION('center_axis',(0.,1.,0.));
#3372=DIRECTION('ref_axis',(0.707106781186547,0.,0.707106781186547));
#3373=DIRECTION('',(-1.,0.,1.06002572528956E-15));
#3374=DIRECTION('center_axis',(0.,1.,0.));
#3375=DIRECTION('ref_axis',(-0.707106781186548,0.,0.707106781186547));
#3376=DIRECTION('',(0.,0.,-1.));
#3377=DIRECTION('',(-1.,0.,0.));
#3378=DIRECTION('center_axis',(0.,1.,0.));
#3379=DIRECTION('ref_axis',(-0.707106781186547,0.,0.707106781186547));
#3380=DIRECTION('',(0.,0.,-1.));
#3381=DIRECTION('',(-1.,0.,4.182302870847E-15));
#3382=DIRECTION('center_axis',(0.,1.,0.));
#3383=DIRECTION('ref_axis',(-0.707106781186543,0.,0.707106781186553));
#3384=DIRECTION('center_axis',(0.,1.,0.));
#3385=DIRECTION('ref_axis',(-0.70710678118655,0.,-0.707106781186545));
#3386=DIRECTION('center_axis',(0.,-1.,0.));
#3387=DIRECTION('ref_axis',(-0.70710678118655,0.,-0.707106781186545));
#3388=DIRECTION('',(0.,-1.,0.));
#3389=DIRECTION('',(0.,1.,0.));
#3390=DIRECTION('center_axis',(1.,0.,0.));
#3391=DIRECTION('ref_axis',(0.,0.,-1.));
#3392=DIRECTION('',(0.,1.,0.));
#3393=DIRECTION('',(0.,0.,-1.));
#3394=DIRECTION('center_axis',(0.,1.,0.));
#3395=DIRECTION('ref_axis',(-0.707106781186547,0.,-0.707106781186547));
#3396=DIRECTION('center_axis',(0.,-1.,0.));
#3397=DIRECTION('ref_axis',(-0.707106781186547,0.,-0.707106781186547));
#3398=DIRECTION('',(0.,-1.,0.));
#3399=DIRECTION('',(0.,1.,0.));
#3400=DIRECTION('center_axis',(2.03157532717895E-15,0.,1.));
#3401=DIRECTION('ref_axis',(1.,0.,-2.03157532717895E-15));
#3402=DIRECTION('',(1.,0.,-2.03157532717895E-15));
#3403=DIRECTION('',(0.,1.,0.));
#3404=DIRECTION('center_axis',(0.,1.,0.));
#3405=DIRECTION('ref_axis',(0.707106781186547,0.,-0.707106781186547));
#3406=DIRECTION('center_axis',(0.,-1.,0.));
#3407=DIRECTION('ref_axis',(0.707106781186547,0.,-0.707106781186547));
#3408=DIRECTION('',(0.,-1.,0.));
#3409=DIRECTION('center_axis',(0.,1.,0.));
#3410=DIRECTION('ref_axis',(0.707106781186547,0.,-0.707106781186547));
#3411=DIRECTION('center_axis',(0.,-1.,0.));
#3412=DIRECTION('ref_axis',(0.707106781186547,0.,-0.707106781186547));
#3413=DIRECTION('',(0.,-1.,0.));
#3414=DIRECTION('',(0.,1.,0.));
#3415=DIRECTION('center_axis',(7.43583126287724E-16,0.,1.));
#3416=DIRECTION('ref_axis',(1.,0.,-7.43583126287724E-16));
#3417=DIRECTION('',(0.,1.,0.));
#3418=DIRECTION('',(1.,0.,-7.43583126287724E-16));
#3419=DIRECTION('center_axis',(0.,1.,0.));
#3420=DIRECTION('ref_axis',(0.707106781186547,0.,-0.707106781186547));
#3421=DIRECTION('center_axis',(0.,-1.,0.));
#3422=DIRECTION('ref_axis',(0.707106781186547,0.,-0.707106781186547));
#3423=DIRECTION('',(0.,-1.,0.));
#3424=DIRECTION('',(0.,1.,0.));
#3425=DIRECTION('center_axis',(-7.50945279509103E-16,0.,1.));
#3426=DIRECTION('ref_axis',(1.,0.,7.50945279509103E-16));
#3427=DIRECTION('',(0.,1.,0.));
#3428=DIRECTION('',(1.,0.,7.50945279509103E-16));
#3429=DIRECTION('center_axis',(0.,1.,0.));
#3430=DIRECTION('ref_axis',(-0.707106781186543,0.,0.707106781186553));
#3431=DIRECTION('center_axis',(0.,-1.,0.));
#3432=DIRECTION('ref_axis',(-0.707106781186543,0.,0.707106781186553));
#3433=DIRECTION('',(0.,1.,0.));
#3434=DIRECTION('center_axis',(-4.182302870847E-15,0.,-1.));
#3435=DIRECTION('ref_axis',(-1.,0.,4.182302870847E-15));
#3436=DIRECTION('',(0.,1.,0.));
#3437=DIRECTION('',(-1.,0.,4.182302870847E-15));
#3438=DIRECTION('center_axis',(0.,1.,0.));
#3439=DIRECTION('ref_axis',(-0.707106781186547,0.,0.707106781186547));
#3440=DIRECTION('center_axis',(0.,-1.,0.));
#3441=DIRECTION('ref_axis',(-0.707106781186547,0.,0.707106781186547));
#3442=DIRECTION('',(0.,-1.,0.));
#3443=DIRECTION('',(0.,1.,0.));
#3444=DIRECTION('center_axis',(0.,0.,-1.));
#3445=DIRECTION('ref_axis',(-1.,0.,0.));
#3446=DIRECTION('',(0.,1.,0.));
#3447=DIRECTION('',(-1.,0.,0.));
#3448=DIRECTION('center_axis',(0.,1.,0.));
#3449=DIRECTION('ref_axis',(-0.707106781186548,0.,0.707106781186547));
#3450=DIRECTION('center_axis',(0.,-1.,0.));
#3451=DIRECTION('ref_axis',(-0.707106781186548,0.,0.707106781186547));
#3452=DIRECTION('',(0.,-1.,0.));
#3453=DIRECTION('',(0.,1.,0.));
#3454=DIRECTION('center_axis',(-1.06002572528956E-15,0.,-1.));
#3455=DIRECTION('ref_axis',(-1.,0.,1.06002572528956E-15));
#3456=DIRECTION('',(0.,-1.,0.));
#3457=DIRECTION('',(-1.,0.,1.06002572528956E-15));
#3458=DIRECTION('center_axis',(0.,1.,0.));
#3459=DIRECTION('ref_axis',(0.707106781186547,0.,0.707106781186547));
#3460=DIRECTION('center_axis',(0.,-1.,0.));
#3461=DIRECTION('ref_axis',(0.707106781186547,0.,0.707106781186547));
#3462=DIRECTION('',(0.,1.,0.));
#3463=DIRECTION('center_axis',(-1.,0.,0.));
#3464=DIRECTION('ref_axis',(0.,0.,1.));
#3465=DIRECTION('',(0.,1.,0.));
#3466=DIRECTION('',(0.,0.,1.));
#3467=DIRECTION('center_axis',(0.,1.,0.));
#3468=DIRECTION('ref_axis',(0.707106781186547,0.,0.707106781186547));
#3469=DIRECTION('center_axis',(0.,-1.,0.));
#3470=DIRECTION('ref_axis',(0.707106781186547,0.,0.707106781186547));
#3471=DIRECTION('',(0.,-1.,0.));
#3472=DIRECTION('',(0.,1.,0.));
#3473=DIRECTION('center_axis',(-1.,0.,0.));
#3474=DIRECTION('ref_axis',(0.,0.,1.));
#3475=DIRECTION('',(0.,1.,0.));
#3476=DIRECTION('',(0.,0.,1.));
#3477=DIRECTION('center_axis',(0.,1.,0.));
#3478=DIRECTION('ref_axis',(-0.707106781186547,0.,0.707106781186547));
#3479=DIRECTION('center_axis',(0.,-1.,0.));
#3480=DIRECTION('ref_axis',(-0.707106781186547,0.,0.707106781186547));
#3481=DIRECTION('',(0.,-1.,0.));
#3482=DIRECTION('',(0.,1.,0.));
#3483=DIRECTION('center_axis',(-9.49004245976042E-16,0.,-1.));
#3484=DIRECTION('ref_axis',(-1.,0.,9.49004245976042E-16));
#3485=DIRECTION('',(0.,1.,0.));
#3486=DIRECTION('',(-1.,0.,9.49004245976042E-16));
#3487=DIRECTION('center_axis',(0.,1.,0.));
#3488=DIRECTION('ref_axis',(-0.707106781186547,0.,0.707106781186547));
#3489=DIRECTION('center_axis',(0.,-1.,0.));
#3490=DIRECTION('ref_axis',(-0.707106781186547,0.,0.707106781186547));
#3491=DIRECTION('',(0.,-1.,0.));
#3492=DIRECTION('',(0.,1.,0.));
#3493=DIRECTION('center_axis',(-6.58564842411286E-16,0.,-1.));
#3494=DIRECTION('ref_axis',(-1.,0.,6.58564842411286E-16));
#3495=DIRECTION('',(0.,-1.,0.));
#3496=DIRECTION('',(-1.,0.,6.58564842411286E-16));
#3497=DIRECTION('center_axis',(0.,1.,0.));
#3498=DIRECTION('ref_axis',(0.707106781186547,0.,0.707106781186548));
#3499=DIRECTION('center_axis',(0.,-1.,0.));
#3500=DIRECTION('ref_axis',(0.707106781186547,0.,0.707106781186548));
#3501=DIRECTION('',(0.,1.,0.));
#3502=DIRECTION('center_axis',(0.,-1.,0.));
#3503=DIRECTION('ref_axis',(1.,0.,0.));
#3504=DIRECTION('',(-1.,0.,0.));
#3505=DIRECTION('',(0.,0.,1.));
#3506=DIRECTION('',(1.,0.,-8.07544476950717E-16));
#3507=DIRECTION('',(0.,0.,1.));
#3508=DIRECTION('center_axis',(-1.,0.,0.));
#3509=DIRECTION('ref_axis',(0.,-1.,0.));
#3510=DIRECTION('',(0.,1.,0.));
#3511=DIRECTION('',(0.,-1.,0.));
#3512=DIRECTION('',(0.,0.,-1.));
#3513=DIRECTION('center_axis',(1.,0.,0.));
#3514=DIRECTION('ref_axis',(0.,1.,0.));
#3515=DIRECTION('',(0.,-1.,0.));
#3516=DIRECTION('',(0.,0.,1.));
#3517=DIRECTION('',(0.,1.,0.));
#3518=DIRECTION('center_axis',(0.,0.,-1.));
#3519=DIRECTION('ref_axis',(-1.,0.,0.));
#3520=DIRECTION('',(-1.,0.,0.));
#3521=DIRECTION('',(0.,1.,0.));
#3522=DIRECTION('',(1.,0.,0.));
#3523=DIRECTION('',(0.,1.,0.));
#3524=DIRECTION('',(-1.,0.,0.));
#3525=DIRECTION('center_axis',(-1.,0.,0.));
#3526=DIRECTION('ref_axis',(0.,0.,1.));
#3527=DIRECTION('',(0.,0.,-1.));
#3528=DIRECTION('',(0.,1.,0.));
#3529=DIRECTION('',(0.,0.,1.));
#3530=DIRECTION('',(0.,1.,0.));
#3531=DIRECTION('center_axis',(0.,0.,1.));
#3532=DIRECTION('ref_axis',(1.,0.,0.));
#3533=DIRECTION('',(-1.,0.,0.));
#3534=DIRECTION('',(1.,0.,0.));
#3535=DIRECTION('',(0.,1.,0.));
#3536=DIRECTION('center_axis',(-1.,0.,0.));
#3537=DIRECTION('ref_axis',(0.,0.,1.));
#3538=DIRECTION('',(0.,0.,-1.));
#3539=DIRECTION('',(0.,0.,1.));
#3540=DIRECTION('',(0.,1.,0.));
#3541=DIRECTION('center_axis',(0.,0.,1.));
#3542=DIRECTION('ref_axis',(1.,0.,0.));
#3543=DIRECTION('',(-1.,0.,0.));
#3544=DIRECTION('',(1.,0.,0.));
#3545=DIRECTION('',(0.,1.,0.));
#3546=DIRECTION('center_axis',(1.,0.,0.));
#3547=DIRECTION('ref_axis',(0.,0.,-1.));
#3548=DIRECTION('',(0.,0.,1.));
#3549=DIRECTION('',(0.,0.,-1.));
#3550=DIRECTION('',(0.,1.,0.));
#3551=DIRECTION('center_axis',(0.,0.,1.));
#3552=DIRECTION('ref_axis',(1.,0.,0.));
#3553=DIRECTION('',(-1.,0.,0.));
#3554=DIRECTION('',(1.,0.,0.));
#3555=DIRECTION('',(0.,1.,0.));
#3556=DIRECTION('center_axis',(1.,0.,0.));
#3557=DIRECTION('ref_axis',(0.,0.,-1.));
#3558=DIRECTION('',(0.,0.,1.));
#3559=DIRECTION('',(0.,0.,-1.));
#3560=DIRECTION('',(0.,1.,0.));
#3561=DIRECTION('center_axis',(0.,0.,1.));
#3562=DIRECTION('ref_axis',(1.,0.,0.));
#3563=DIRECTION('',(-1.,0.,0.));
#3564=DIRECTION('',(1.,0.,0.));
#3565=DIRECTION('',(0.,1.,0.));
#3566=DIRECTION('center_axis',(-1.,0.,0.));
#3567=DIRECTION('ref_axis',(0.,0.,1.));
#3568=DIRECTION('',(0.,0.,-1.));
#3569=DIRECTION('',(0.,0.,1.));
#3570=DIRECTION('',(0.,1.,0.));
#3571=DIRECTION('center_axis',(0.,0.,1.));
#3572=DIRECTION('ref_axis',(1.,0.,0.));
#3573=DIRECTION('',(-1.,0.,0.));
#3574=DIRECTION('',(1.,0.,0.));
#3575=DIRECTION('',(0.,1.,0.));
#3576=DIRECTION('center_axis',(-1.,0.,0.));
#3577=DIRECTION('ref_axis',(0.,0.,1.));
#3578=DIRECTION('',(0.,0.,-1.));
#3579=DIRECTION('',(0.,0.,1.));
#3580=DIRECTION('',(0.,1.,0.));
#3581=DIRECTION('center_axis',(0.,0.,1.));
#3582=DIRECTION('ref_axis',(1.,0.,0.));
#3583=DIRECTION('',(-1.,0.,0.));
#3584=DIRECTION('',(1.,0.,0.));
#3585=DIRECTION('',(0.,1.,0.));
#3586=DIRECTION('center_axis',(0.,0.,1.));
#3587=DIRECTION('ref_axis',(1.,0.,0.));
#3588=DIRECTION('',(-1.,0.,0.));
#3589=DIRECTION('',(0.,1.,0.));
#3590=DIRECTION('',(1.,0.,0.));
#3591=DIRECTION('center_axis',(-1.,0.,0.));
#3592=DIRECTION('ref_axis',(0.,0.,1.));
#3593=DIRECTION('',(0.,0.,-1.));
#3594=DIRECTION('',(0.,0.,1.));
#3595=DIRECTION('center_axis',(-1.,0.,0.));
#3596=DIRECTION('ref_axis',(0.,0.,1.));
#3597=DIRECTION('',(0.,0.,-1.));
#3598=DIRECTION('',(0.,1.,0.));
#3599=DIRECTION('',(0.,0.,1.));
#3600=DIRECTION('center_axis',(0.,0.,-1.));
#3601=DIRECTION('ref_axis',(-1.,0.,0.));
#3602=DIRECTION('',(1.,0.,0.));
#3603=DIRECTION('',(0.,1.,0.));
#3604=DIRECTION('',(-1.,0.,0.));
#3605=DIRECTION('center_axis',(-1.,0.,0.));
#3606=DIRECTION('ref_axis',(0.,0.,1.));
#3607=DIRECTION('',(0.,0.,-1.));
#3608=DIRECTION('',(0.,1.,0.));
#3609=DIRECTION('',(0.,0.,1.));
#3610=DIRECTION('center_axis',(0.,0.,-1.));
#3611=DIRECTION('ref_axis',(-1.,0.,0.));
#3612=DIRECTION('',(1.,0.,0.));
#3613=DIRECTION('',(0.,1.,0.));
#3614=DIRECTION('',(-1.,0.,0.));
#3615=DIRECTION('center_axis',(1.,0.,0.));
#3616=DIRECTION('ref_axis',(0.,0.,-1.));
#3617=DIRECTION('',(0.,0.,1.));
#3618=DIRECTION('',(0.,1.,0.));
#3619=DIRECTION('',(0.,0.,-1.));
#3620=DIRECTION('center_axis',(0.,0.,-1.));
#3621=DIRECTION('ref_axis',(-1.,0.,0.));
#3622=DIRECTION('',(1.,0.,0.));
#3623=DIRECTION('',(0.,1.,0.));
#3624=DIRECTION('',(-1.,0.,0.));
#3625=DIRECTION('center_axis',(1.,0.,0.));
#3626=DIRECTION('ref_axis',(0.,0.,-1.));
#3627=DIRECTION('',(0.,0.,1.));
#3628=DIRECTION('',(0.,1.,0.));
#3629=DIRECTION('',(0.,0.,-1.));
#3630=DIRECTION('center_axis',(0.,0.,-1.));
#3631=DIRECTION('ref_axis',(-1.,0.,0.));
#3632=DIRECTION('',(1.,0.,0.));
#3633=DIRECTION('',(0.,1.,0.));
#3634=DIRECTION('',(-1.,0.,0.));
#3635=DIRECTION('center_axis',(1.,0.,-5.53727194326761E-17));
#3636=DIRECTION('ref_axis',(-5.53727194326761E-17,0.,-1.));
#3637=DIRECTION('',(5.53727194326761E-17,0.,1.));
#3638=DIRECTION('',(-5.53727194326761E-17,0.,-1.));
#3639=DIRECTION('center_axis',(-1.,0.,0.));
#3640=DIRECTION('ref_axis',(0.,0.,1.));
#3641=DIRECTION('',(0.,0.,1.));
#3642=DIRECTION('center_axis',(-1.,0.,0.));
#3643=DIRECTION('ref_axis',(0.,0.,1.));
#3644=DIRECTION('',(0.,0.,1.));
#3645=DIRECTION('center_axis',(-1.,0.,0.));
#3646=DIRECTION('ref_axis',(0.,0.,1.));
#3647=DIRECTION('',(0.,0.,1.));
#3648=DIRECTION('center_axis',(1.,0.,0.));
#3649=DIRECTION('ref_axis',(0.,0.,-1.));
#3650=DIRECTION('',(0.,1.,0.));
#3651=DIRECTION('',(0.,0.,-1.));
#3652=DIRECTION('center_axis',(1.56382430683192E-15,0.,1.));
#3653=DIRECTION('ref_axis',(1.,0.,-1.56382430683192E-15));
#3654=DIRECTION('',(1.,0.,-1.56382430683192E-15));
#3655=DIRECTION('center_axis',(8.07544476950717E-16,0.,1.));
#3656=DIRECTION('ref_axis',(1.,0.,-8.07544476950717E-16));
#3657=DIRECTION('',(1.,0.,-8.07544476950717E-16));
#3658=DIRECTION('',(1.,0.,-8.07544476950717E-16));
#3659=DIRECTION('center_axis',(1.,0.,0.));
#3660=DIRECTION('ref_axis',(0.,0.,-1.));
#3661=DIRECTION('',(0.,0.,-1.));
#3662=DIRECTION('center_axis',(1.,0.,0.));
#3663=DIRECTION('ref_axis',(0.,0.,-1.));
#3664=DIRECTION('',(0.,0.,-1.));
#3665=DIRECTION('center_axis',(0.,0.,-1.));
#3666=DIRECTION('ref_axis',(-1.,0.,0.));
#3667=DIRECTION('',(-1.,0.,0.));
#3668=DIRECTION('center_axis',(0.,0.,-1.));
#3669=DIRECTION('ref_axis',(-1.,0.,0.));
#3670=DIRECTION('',(0.,1.,0.));
#3671=DIRECTION('',(-1.,0.,0.));
#3672=DIRECTION('center_axis',(1.,0.,0.));
#3673=DIRECTION('ref_axis',(0.,0.,-1.));
#3674=DIRECTION('',(0.,0.,-1.));
#3675=DIRECTION('center_axis',(1.,0.,0.));
#3676=DIRECTION('ref_axis',(0.,0.,-1.));
#3677=DIRECTION('',(0.,0.,-1.));
#3678=DIRECTION('center_axis',(0.,-1.,0.));
#3679=DIRECTION('ref_axis',(0.,0.,1.));
#3680=DIRECTION('center_axis',(0.,-1.,0.));
#3681=DIRECTION('ref_axis',(0.,0.,1.));
#3682=CARTESIAN_POINT('',(0.,0.,0.));
#3683=CARTESIAN_POINT('Origin',(43.5440932121492,0.,-110.75482123897));
#3684=CARTESIAN_POINT('',(38.5440932121492,13.,-110.75482123897));
#3685=CARTESIAN_POINT('',(43.5440932121492,13.,-115.75482123897));
#3686=CARTESIAN_POINT('Origin',(43.5440932121492,13.,-110.75482123897));
#3687=CARTESIAN_POINT('',(43.5440932121492,0.,-115.75482123897));
#3688=CARTESIAN_POINT('',(43.5440932121492,0.,-115.75482123897));
#3689=CARTESIAN_POINT('',(38.5440932121492,0.,-110.75482123897));
#3690=CARTESIAN_POINT('Origin',(43.5440932121492,0.,-110.75482123897));
#3691=CARTESIAN_POINT('',(38.5440932121492,0.,-110.75482123897));
#3692=CARTESIAN_POINT('Origin',(63.4000007525086,0.,-54.));
#3693=CARTESIAN_POINT('',(59.7753160809597,0.,-115.75482123897));
#3694=CARTESIAN_POINT('',(64.7753160809597,0.,-115.75482123897));
#3695=CARTESIAN_POINT('',(64.7753160809597,0.,-110.75482123897));
#3696=CARTESIAN_POINT('Origin',(59.7753160809597,0.,-110.75482123897));
#3697=CARTESIAN_POINT('',(64.7753160809597,0.,-100.062928987092));
#3698=CARTESIAN_POINT('',(64.7753160809597,0.,-100.062928987092));
#3699=CARTESIAN_POINT('',(82.4934287441257,0.,-100.062928987092));
#3700=CARTESIAN_POINT('',(87.4934287441257,0.,-100.062928987092));
#3701=CARTESIAN_POINT('',(87.4934287441257,0.,-95.0629289870923));
#3702=CARTESIAN_POINT('Origin',(82.4934287441257,0.,-95.0629289870923));
#3703=CARTESIAN_POINT('',(87.4934287441257,0.,-83.2));
#3704=CARTESIAN_POINT('',(87.4934287441257,0.,-83.2));
#3705=CARTESIAN_POINT('',(126.487459787661,0.,-83.1999999999999));
#3706=CARTESIAN_POINT('',(131.487459787661,0.,-83.1999999999999));
#3707=CARTESIAN_POINT('',(131.487459787661,0.,-78.1999999999999));
#3708=CARTESIAN_POINT('Origin',(126.487459787661,0.,-78.1999999999999));
#3709=CARTESIAN_POINT('',(131.487459787661,0.,-16.4431607817407));
#3710=CARTESIAN_POINT('',(131.487459787661,0.,-11.4431607817407));
#3711=CARTESIAN_POINT('',(126.487459787661,0.,-11.4431607817407));
#3712=CARTESIAN_POINT('Origin',(126.487459787661,0.,-16.4431607817407));
#3713=CARTESIAN_POINT('',(122.992824682286,0.,-11.4431607817407));
#3714=CARTESIAN_POINT('',(122.992824682286,0.,-11.4431607817407));
#3715=CARTESIAN_POINT('',(122.992824682286,0.,-7.77748894115152));
#3716=CARTESIAN_POINT('',(122.992824682286,0.,-2.77748894115152));
#3717=CARTESIAN_POINT('',(117.992824682286,0.,-2.77748894115152));
#3718=CARTESIAN_POINT('Origin',(117.992824682286,0.,-7.77748894115152));
#3719=CARTESIAN_POINT('',(103.27471201912,0.,-2.77748894115152));
#3720=CARTESIAN_POINT('',(103.27471201912,0.,-2.77748894115152));
#3721=CARTESIAN_POINT('',(103.27471201912,0.,0.717146164222855));
#3722=CARTESIAN_POINT('',(103.27471201912,0.,5.71714616422286));
#3723=CARTESIAN_POINT('',(98.2747120191201,0.,5.71714616422286));
#3724=CARTESIAN_POINT('Origin',(98.2747120191201,0.,0.717146164222855));
#3725=CARTESIAN_POINT('',(81.0434873878792,0.,5.71714616422284));
#3726=CARTESIAN_POINT('',(76.0434873878792,0.,5.71714616422283));
#3727=CARTESIAN_POINT('',(76.0434873878792,0.,0.717146164222837));
#3728=CARTESIAN_POINT('Origin',(81.0434873878792,0.,0.717146164222837));
#3729=CARTESIAN_POINT('',(76.0434873878792,0.,-10.9747460876548));
#3730=CARTESIAN_POINT('',(76.0434873878792,0.,-10.9747460876548));
#3731=CARTESIAN_POINT('',(61.1543379894983,0.,-10.9747460876548));
#3732=CARTESIAN_POINT('',(56.1543379894983,0.,-10.9747460876548));
#3733=CARTESIAN_POINT('',(56.1543379894983,0.,-15.9747460876548));
#3734=CARTESIAN_POINT('Origin',(61.1543379894983,0.,-15.9747460876548));
#3735=CARTESIAN_POINT('',(56.1543379894983,0.,-23.6666383395324));
#3736=CARTESIAN_POINT('',(56.1543379894983,0.,-23.6666383395324));
#3737=CARTESIAN_POINT('',(45.1203722671912,0.,-23.6666383395324));
#3738=CARTESIAN_POINT('',(45.1203722671912,0.,-23.6666383395324));
#3739=CARTESIAN_POINT('',(45.1203722671912,0.,-15.9747460876548));
#3740=CARTESIAN_POINT('',(45.1203722671912,0.,-10.9747460876548));
#3741=CARTESIAN_POINT('',(40.1203722671912,0.,-10.9747460876548));
#3742=CARTESIAN_POINT('Origin',(40.1203722671912,0.,-15.9747460876548));
#3743=CARTESIAN_POINT('',(26.4022596040251,0.,-10.9747460876548));
#3744=CARTESIAN_POINT('',(26.4022596040251,0.,-10.9747460876548));
#3745=CARTESIAN_POINT('',(26.4022596040251,0.,0.71714616422286));
#3746=CARTESIAN_POINT('',(26.4022596040251,0.,5.71714616422286));
#3747=CARTESIAN_POINT('',(21.4022596040251,0.,5.71714616422286));
#3748=CARTESIAN_POINT('Origin',(21.4022596040251,0.,0.71714616422286));
#3749=CARTESIAN_POINT('',(-4.00000000000006,0.,5.71714616422284));
#3750=CARTESIAN_POINT('',(-9.00000000000006,0.,5.71714616422284));
#3751=CARTESIAN_POINT('',(-9.00000000000006,0.,0.717146164222839));
#3752=CARTESIAN_POINT('Origin',(-4.00000000000006,0.,0.717146164222839));
#3753=CARTESIAN_POINT('',(-9.00000000000006,0.,-78.2));
#3754=CARTESIAN_POINT('',(-9.00000000000006,0.,5.71714616422284));
#3755=CARTESIAN_POINT('',(-4.00000000000006,0.,-83.2));
#3756=CARTESIAN_POINT('Origin',(-4.00000000000006,0.,-78.2));
#3757=CARTESIAN_POINT('',(14.6549438137684,0.,-83.2));
#3758=CARTESIAN_POINT('',(14.6549438137684,0.,-83.2));
#3759=CARTESIAN_POINT('',(14.6549438137684,0.,-95.0629289870924));
#3760=CARTESIAN_POINT('',(14.6549438137684,0.,-100.062928987092));
#3761=CARTESIAN_POINT('',(19.6549438137684,0.,-100.062928987092));
#3762=CARTESIAN_POINT('Origin',(19.6549438137684,0.,-95.0629289870924));
#3763=CARTESIAN_POINT('',(38.5440932121492,0.,-100.062928987092));
#3764=CARTESIAN_POINT('',(38.5440932121492,0.,-100.062928987092));
#3765=CARTESIAN_POINT('',(38.5440932121492,0.,-115.75482123897));
#3766=CARTESIAN_POINT('Origin',(64.7753160809597,0.,-115.75482123897));
#3767=CARTESIAN_POINT('',(59.7753160809597,13.,-115.75482123897));
#3768=CARTESIAN_POINT('',(64.7753160809597,13.,-115.75482123897));
#3769=CARTESIAN_POINT('',(59.7753160809597,0.,-115.75482123897));
#3770=CARTESIAN_POINT('Origin',(59.7753160809597,0.,-110.75482123897));
#3771=CARTESIAN_POINT('',(64.7753160809597,13.,-110.75482123897));
#3772=CARTESIAN_POINT('Origin',(59.7753160809597,13.,-110.75482123897));
#3773=CARTESIAN_POINT('',(64.7753160809597,0.,-110.75482123897));
#3774=CARTESIAN_POINT('Origin',(82.4934287441257,0.,-95.0629289870923));
#3775=CARTESIAN_POINT('',(82.4934287441257,13.,-100.062928987092));
#3776=CARTESIAN_POINT('',(87.4934287441257,13.,-95.0629289870923));
#3777=CARTESIAN_POINT('Origin',(82.4934287441257,13.,-95.0629289870923));
#3778=CARTESIAN_POINT('',(87.4934287441257,0.,-95.0629289870923));
#3779=CARTESIAN_POINT('',(82.4934287441257,0.,-100.062928987092));
#3780=CARTESIAN_POINT('Origin',(87.4934287441257,0.,-100.062928987092));
#3781=CARTESIAN_POINT('',(64.7753160809597,13.,-100.062928987092));
#3782=CARTESIAN_POINT('',(64.7753160809597,0.,-100.062928987092));
#3783=CARTESIAN_POINT('',(87.4934287441257,13.,-100.062928987092));
#3784=CARTESIAN_POINT('Origin',(126.487459787661,0.,-78.1999999999999));
#3785=CARTESIAN_POINT('',(126.487459787661,13.,-83.1999999999999));
#3786=CARTESIAN_POINT('',(131.487459787661,13.,-78.1999999999999));
#3787=CARTESIAN_POINT('Origin',(126.487459787661,13.,-78.1999999999999));
#3788=CARTESIAN_POINT('',(131.487459787661,0.,-78.1999999999999));
#3789=CARTESIAN_POINT('',(126.487459787661,0.,-83.1999999999999));
#3790=CARTESIAN_POINT('Origin',(131.487459787661,0.,-11.4431607817407));
#3791=CARTESIAN_POINT('',(131.487459787661,13.,-16.4431607817407));
#3792=CARTESIAN_POINT('',(131.487459787661,13.,-11.4431607817407));
#3793=CARTESIAN_POINT('',(131.487459787661,0.,-16.4431607817407));
#3794=CARTESIAN_POINT('Origin',(126.487459787661,0.,-16.4431607817407));
#3795=CARTESIAN_POINT('',(126.487459787661,13.,-11.4431607817407));
#3796=CARTESIAN_POINT('Origin',(126.487459787661,13.,-16.4431607817407));
#3797=CARTESIAN_POINT('',(126.487459787661,0.,-11.4431607817407));
#3798=CARTESIAN_POINT('Origin',(117.992824682286,0.,-7.77748894115152));
#3799=CARTESIAN_POINT('',(122.992824682286,13.,-7.77748894115152));
#3800=CARTESIAN_POINT('',(117.992824682286,13.,-2.77748894115152));
#3801=CARTESIAN_POINT('Origin',(117.992824682286,13.,-7.77748894115152));
#3802=CARTESIAN_POINT('',(117.992824682286,0.,-2.77748894115152));
#3803=CARTESIAN_POINT('',(122.992824682286,0.,-7.77748894115152));
#3804=CARTESIAN_POINT('Origin',(122.992824682286,0.,-2.77748894115152));
#3805=CARTESIAN_POINT('',(122.992824682286,13.,-11.4431607817407));
#3806=CARTESIAN_POINT('',(122.992824682286,0.,-11.4431607817407));
#3807=CARTESIAN_POINT('',(122.992824682286,13.,-2.77748894115152));
#3808=CARTESIAN_POINT('Origin',(98.2747120191201,0.,0.717146164222855));
#3809=CARTESIAN_POINT('',(103.27471201912,13.,0.717146164222855));
#3810=CARTESIAN_POINT('',(98.2747120191201,13.,5.71714616422286));
#3811=CARTESIAN_POINT('Origin',(98.2747120191201,13.,0.717146164222855));
#3812=CARTESIAN_POINT('',(98.2747120191201,0.,5.71714616422286));
#3813=CARTESIAN_POINT('',(103.27471201912,0.,0.717146164222855));
#3814=CARTESIAN_POINT('Origin',(76.0434873878792,0.,5.71714616422283));
#3815=CARTESIAN_POINT('',(81.0434873878792,13.,5.71714616422284));
#3816=CARTESIAN_POINT('',(76.0434873878792,13.,5.71714616422283));
#3817=CARTESIAN_POINT('',(81.0434873878792,0.,5.71714616422284));
#3818=CARTESIAN_POINT('Origin',(81.0434873878792,0.,0.717146164222837));
#3819=CARTESIAN_POINT('',(76.0434873878792,13.,0.717146164222837));
#3820=CARTESIAN_POINT('Origin',(81.0434873878792,13.,0.717146164222837));
#3821=CARTESIAN_POINT('',(76.0434873878792,0.,0.717146164222837));
#3822=CARTESIAN_POINT('Origin',(61.1543379894983,0.,-15.9747460876548));
#3823=CARTESIAN_POINT('',(61.1543379894983,13.,-10.9747460876548));
#3824=CARTESIAN_POINT('',(56.1543379894983,13.,-15.9747460876548));
#3825=CARTESIAN_POINT('Origin',(61.1543379894983,13.,-15.9747460876548));
#3826=CARTESIAN_POINT('',(56.1543379894983,0.,-15.9747460876548));
#3827=CARTESIAN_POINT('',(61.1543379894983,0.,-10.9747460876548));
#3828=CARTESIAN_POINT('Origin',(56.1543379894983,0.,-10.9747460876548));
#3829=CARTESIAN_POINT('',(76.0434873878792,13.,-10.9747460876548));
#3830=CARTESIAN_POINT('',(76.0434873878792,0.,-10.9747460876548));
#3831=CARTESIAN_POINT('',(56.1543379894983,13.,-10.9747460876548));
#3832=CARTESIAN_POINT('Origin',(40.1203722671912,0.,-15.9747460876548));
#3833=CARTESIAN_POINT('',(45.1203722671912,13.,-15.9747460876548));
#3834=CARTESIAN_POINT('',(40.1203722671912,13.,-10.9747460876548));
#3835=CARTESIAN_POINT('Origin',(40.1203722671912,13.,-15.9747460876548));
#3836=CARTESIAN_POINT('',(40.1203722671912,0.,-10.9747460876548));
#3837=CARTESIAN_POINT('',(45.1203722671912,0.,-15.9747460876548));
#3838=CARTESIAN_POINT('Origin',(45.1203722671912,0.,-10.9747460876548));
#3839=CARTESIAN_POINT('',(45.1203722671912,13.,-23.6666383395324));
#3840=CARTESIAN_POINT('',(45.1203722671912,0.,-23.6666383395324));
#3841=CARTESIAN_POINT('',(45.1203722671912,13.,-10.9747460876548));
#3842=CARTESIAN_POINT('Origin',(21.4022596040251,0.,0.71714616422286));
#3843=CARTESIAN_POINT('',(26.4022596040251,13.,0.71714616422286));
#3844=CARTESIAN_POINT('',(21.4022596040251,13.,5.71714616422286));
#3845=CARTESIAN_POINT('Origin',(21.4022596040251,13.,0.71714616422286));
#3846=CARTESIAN_POINT('',(21.4022596040251,0.,5.71714616422286));
#3847=CARTESIAN_POINT('',(26.4022596040251,0.,0.71714616422286));
#3848=CARTESIAN_POINT('Origin',(-9.00000000000006,0.,5.71714616422284));
#3849=CARTESIAN_POINT('',(-4.00000000000006,13.,5.71714616422284));
#3850=CARTESIAN_POINT('',(-9.00000000000006,13.,5.71714616422284));
#3851=CARTESIAN_POINT('',(-4.00000000000006,0.,5.71714616422284));
#3852=CARTESIAN_POINT('Origin',(-4.00000000000006,0.,0.717146164222839));
#3853=CARTESIAN_POINT('',(-9.00000000000006,13.,0.717146164222839));
#3854=CARTESIAN_POINT('Origin',(-4.00000000000006,13.,0.717146164222839));
#3855=CARTESIAN_POINT('',(-9.00000000000006,0.,0.717146164222839));
#3856=CARTESIAN_POINT('Origin',(19.6549438137684,0.,-95.0629289870924));
#3857=CARTESIAN_POINT('',(14.6549438137684,13.,-95.0629289870924));
#3858=CARTESIAN_POINT('',(19.6549438137684,13.,-100.062928987092));
#3859=CARTESIAN_POINT('Origin',(19.6549438137684,13.,-95.0629289870924));
#3860=CARTESIAN_POINT('',(19.6549438137684,0.,-100.062928987092));
#3861=CARTESIAN_POINT('',(14.6549438137684,0.,-95.0629289870924));
#3862=CARTESIAN_POINT('Origin',(14.6549438137684,0.,-100.062928987092));
#3863=CARTESIAN_POINT('',(14.6549438137684,13.,-83.2));
#3864=CARTESIAN_POINT('',(14.6549438137684,0.,-83.2));
#3865=CARTESIAN_POINT('',(14.6549438137684,13.,-100.062928987092));
#3866=CARTESIAN_POINT('Origin',(-4.00000000000006,0.,-78.2));
#3867=CARTESIAN_POINT('',(-9.00000000000006,13.,-78.2));
#3868=CARTESIAN_POINT('',(-4.00000000000006,13.,-83.2));
#3869=CARTESIAN_POINT('Origin',(-4.00000000000006,13.,-78.2));
#3870=CARTESIAN_POINT('',(-4.00000000000006,0.,-83.2));
#3871=CARTESIAN_POINT('',(-9.00000000000006,0.,-78.2));
#3872=CARTESIAN_POINT('Origin',(14.6549438137684,0.,-83.2));
#3873=CARTESIAN_POINT('',(14.6549438137684,13.,-83.2));
#3874=CARTESIAN_POINT('Origin',(114.987459787661,8.,-83.2));
#3875=CARTESIAN_POINT('',(124.987459787661,8.,-80.2));
#3876=CARTESIAN_POINT('',(114.987459787661,8.,-80.2));
#3877=CARTESIAN_POINT('',(98.6937306463389,8.,-80.2));
#3878=CARTESIAN_POINT('',(124.987459787661,8.,-83.2));
#3879=CARTESIAN_POINT('',(124.987459787661,8.,-83.2));
#3880=CARTESIAN_POINT('',(114.987459787661,8.,-83.2));
#3881=CARTESIAN_POINT('',(123.237459787661,8.,-83.1999999999999));
#3882=CARTESIAN_POINT('',(114.987459787661,8.,-83.2));
#3883=CARTESIAN_POINT('Origin',(114.987459787661,13.,-83.2));
#3884=CARTESIAN_POINT('',(114.987459787661,13.,-80.2));
#3885=CARTESIAN_POINT('',(114.987459787661,6.5,-80.2));
#3886=CARTESIAN_POINT('',(114.987459787661,13.,-83.2));
#3887=CARTESIAN_POINT('',(114.987459787661,6.5,-83.2));
#3888=CARTESIAN_POINT('',(114.987459787661,13.,-69.1094187686868));
#3889=CARTESIAN_POINT('Origin',(124.987459787661,8.,-83.2));
#3890=CARTESIAN_POINT('',(124.987459787661,13.,-80.2));
#3891=CARTESIAN_POINT('',(124.987459787661,4.,-80.2));
#3892=CARTESIAN_POINT('',(124.987459787661,13.,-83.2));
#3893=CARTESIAN_POINT('',(124.987459787661,13.,-69.1094187686868));
#3894=CARTESIAN_POINT('',(124.987459787661,4.,-83.1999999999999));
#3895=CARTESIAN_POINT('Origin',(82.4000015050173,0.,-80.2));
#3896=CARTESIAN_POINT('',(82.4000015050173,13.,-80.2));
#3897=CARTESIAN_POINT('',(126.800001505017,13.,-80.2));
#3898=CARTESIAN_POINT('',(82.4000015050173,3.,-80.2));
#3899=CARTESIAN_POINT('',(82.4000015050173,0.,-80.2));
#3900=CARTESIAN_POINT('',(126.800001505017,3.,-80.2));
#3901=CARTESIAN_POINT('',(126.800001505017,3.,-80.2));
#3902=CARTESIAN_POINT('',(126.800001505017,13.,-80.2));
#3903=CARTESIAN_POINT('',(126.800001505017,0.,-80.2));
#3904=CARTESIAN_POINT('',(126.800001505017,13.,-80.2));
#3905=CARTESIAN_POINT('Origin',(120.400001505017,0.,-13.8));
#3906=CARTESIAN_POINT('',(120.400001505017,3.,-6.4));
#3907=CARTESIAN_POINT('',(120.400001505017,3.,-13.8));
#3908=CARTESIAN_POINT('',(120.400001505017,3.,-6.4));
#3909=CARTESIAN_POINT('',(120.400001505017,13.,-6.4));
#3910=CARTESIAN_POINT('',(120.400001505017,0.,-6.4));
#3911=CARTESIAN_POINT('',(120.400001505017,13.,-13.8));
#3912=CARTESIAN_POINT('',(120.400001505017,13.,-6.4));
#3913=CARTESIAN_POINT('',(120.400001505017,0.,-13.8));
#3914=CARTESIAN_POINT('Origin',(120.400001505017,0.,-6.4));
#3915=CARTESIAN_POINT('',(101.000001505017,3.,-6.4));
#3916=CARTESIAN_POINT('',(101.000001505017,3.,-6.4));
#3917=CARTESIAN_POINT('',(101.000001505017,13.,-6.4));
#3918=CARTESIAN_POINT('',(101.000001505017,0.,-6.4));
#3919=CARTESIAN_POINT('',(101.000001505017,13.,-6.4));
#3920=CARTESIAN_POINT('Origin',(101.000001505017,0.,-6.4));
#3921=CARTESIAN_POINT('',(101.000001505017,3.,0.));
#3922=CARTESIAN_POINT('',(101.000001505017,3.,0.));
#3923=CARTESIAN_POINT('',(101.000001505017,13.,0.));
#3924=CARTESIAN_POINT('',(101.000001505017,0.,0.));
#3925=CARTESIAN_POINT('',(101.000001505017,13.,0.));
#3926=CARTESIAN_POINT('Origin',(101.000001505017,0.,0.));
#3927=CARTESIAN_POINT('',(78.6,3.,0.));
#3928=CARTESIAN_POINT('',(78.6,3.,0.));
#3929=CARTESIAN_POINT('',(78.6,13.,0.));
#3930=CARTESIAN_POINT('',(78.6,0.,0.));
#3931=CARTESIAN_POINT('',(78.6,13.,0.));
#3932=CARTESIAN_POINT('Origin',(78.6,0.,0.));
#3933=CARTESIAN_POINT('',(78.6,3.,-13.4));
#3934=CARTESIAN_POINT('',(78.6,3.,-13.4));
#3935=CARTESIAN_POINT('',(78.6,13.,-13.4));
#3936=CARTESIAN_POINT('',(78.6,0.,-13.4));
#3937=CARTESIAN_POINT('',(78.6,13.,-13.4));
#3938=CARTESIAN_POINT('Origin',(78.6,0.,-13.4));
#3939=CARTESIAN_POINT('',(58.2,3.,-13.4));
#3940=CARTESIAN_POINT('',(58.2,3.,-13.4));
#3941=CARTESIAN_POINT('',(58.2,13.,-13.4));
#3942=CARTESIAN_POINT('',(58.2,0.,-13.4));
#3943=CARTESIAN_POINT('',(58.2,13.,-13.4));
#3944=CARTESIAN_POINT('Origin',(58.2,0.,-13.4));
#3945=CARTESIAN_POINT('',(58.2,3.,-26.8));
#3946=CARTESIAN_POINT('',(58.2,3.,-26.8));
#3947=CARTESIAN_POINT('',(58.2,13.,-26.8));
#3948=CARTESIAN_POINT('',(58.2,0.,-26.8));
#3949=CARTESIAN_POINT('',(58.2,13.,-26.8));
#3950=CARTESIAN_POINT('Origin',(58.2,0.,-26.8));
#3951=CARTESIAN_POINT('',(42.8,3.,-26.8));
#3952=CARTESIAN_POINT('',(42.8,3.,-26.8));
#3953=CARTESIAN_POINT('',(42.8,13.,-26.8));
#3954=CARTESIAN_POINT('',(42.8,0.,-26.8));
#3955=CARTESIAN_POINT('',(42.8,13.,-26.8));
#3956=CARTESIAN_POINT('Origin',(42.8,0.,-26.8));
#3957=CARTESIAN_POINT('',(42.8,3.,-13.4));
#3958=CARTESIAN_POINT('',(42.8,3.,-13.4));
#3959=CARTESIAN_POINT('',(42.8,13.,-13.4));
#3960=CARTESIAN_POINT('',(42.8,0.,-13.4));
#3961=CARTESIAN_POINT('',(42.8,13.,-13.4));
#3962=CARTESIAN_POINT('Origin',(42.8,0.,-13.4));
#3963=CARTESIAN_POINT('',(23.4,3.,-13.4));
#3964=CARTESIAN_POINT('',(23.4,3.,-13.4));
#3965=CARTESIAN_POINT('',(23.4,13.,-13.4));
#3966=CARTESIAN_POINT('',(23.4,0.,-13.4));
#3967=CARTESIAN_POINT('',(23.4,13.,-13.4));
#3968=CARTESIAN_POINT('Origin',(23.4,0.,-13.4));
#3969=CARTESIAN_POINT('',(23.4,3.,0.));
#3970=CARTESIAN_POINT('',(23.4,3.,0.));
#3971=CARTESIAN_POINT('',(23.4,13.,0.));
#3972=CARTESIAN_POINT('',(23.4,0.,0.));
#3973=CARTESIAN_POINT('',(23.4,13.,0.));
#3974=CARTESIAN_POINT('Origin',(23.4,0.,0.));
#3975=CARTESIAN_POINT('',(0.,3.,0.));
#3976=CARTESIAN_POINT('',(0.,3.,0.));
#3977=CARTESIAN_POINT('',(0.,13.,0.));
#3978=CARTESIAN_POINT('',(0.,0.,0.));
#3979=CARTESIAN_POINT('',(0.,13.,0.));
#3980=CARTESIAN_POINT('Origin',(126.800001505017,0.,-13.8));
#3981=CARTESIAN_POINT('',(126.800001505017,3.,-13.8));
#3982=CARTESIAN_POINT('',(120.400001505017,3.,-13.8));
#3983=CARTESIAN_POINT('',(126.800001505017,13.,-13.8));
#3984=CARTESIAN_POINT('',(120.400001505017,13.,-13.8));
#3985=CARTESIAN_POINT('',(126.800001505017,0.,-13.8));
#3986=CARTESIAN_POINT('Origin',(126.800001505017,0.,-80.2));
#3987=CARTESIAN_POINT('',(126.800001505017,3.,-13.8));
#3988=CARTESIAN_POINT('',(126.800001505017,13.,-13.8));
#3989=CARTESIAN_POINT('Origin',(82.4000015050173,0.,-94.6));
#3990=CARTESIAN_POINT('',(82.4000015050173,3.,-94.6));
#3991=CARTESIAN_POINT('',(82.4000015050173,3.,-80.2));
#3992=CARTESIAN_POINT('',(82.4000015050173,13.,-94.6));
#3993=CARTESIAN_POINT('',(82.4000015050173,13.,-80.2));
#3994=CARTESIAN_POINT('',(82.4000015050173,0.,-94.6));
#3995=CARTESIAN_POINT('Origin',(63.0000015050173,0.,-94.6));
#3996=CARTESIAN_POINT('',(63.0000015050173,3.,-94.6));
#3997=CARTESIAN_POINT('',(82.4000015050173,3.,-94.6));
#3998=CARTESIAN_POINT('',(63.0000015050173,13.,-94.6));
#3999=CARTESIAN_POINT('',(82.4000015050173,13.,-94.6));
#4000=CARTESIAN_POINT('',(63.0000015050173,0.,-94.6));
#4001=CARTESIAN_POINT('Origin',(63.0000015050173,0.,-108.));
#4002=CARTESIAN_POINT('',(63.0000015050173,3.,-108.));
#4003=CARTESIAN_POINT('',(63.0000015050173,3.,-94.6));
#4004=CARTESIAN_POINT('',(63.0000015050173,13.,-108.));
#4005=CARTESIAN_POINT('',(63.0000015050173,13.,-94.6));
#4006=CARTESIAN_POINT('',(63.0000015050173,0.,-108.));
#4007=CARTESIAN_POINT('Origin',(40.6000015050173,0.,-108.));
#4008=CARTESIAN_POINT('',(40.6000015050173,3.,-108.));
#4009=CARTESIAN_POINT('',(63.0000015050173,3.,-108.));
#4010=CARTESIAN_POINT('',(40.6000015050173,13.,-108.));
#4011=CARTESIAN_POINT('',(63.0000015050173,13.,-108.));
#4012=CARTESIAN_POINT('',(40.6000015050173,0.,-108.));
#4013=CARTESIAN_POINT('Origin',(40.6000015050173,0.,-94.6));
#4014=CARTESIAN_POINT('',(40.6000015050173,3.,-94.6));
#4015=CARTESIAN_POINT('',(40.6000015050173,3.,-108.));
#4016=CARTESIAN_POINT('',(40.6000015050173,13.,-94.6));
#4017=CARTESIAN_POINT('',(40.6000015050173,13.,-108.));
#4018=CARTESIAN_POINT('',(40.6000015050173,0.,-94.6));
#4019=CARTESIAN_POINT('Origin',(20.2000015050173,0.,-94.6));
#4020=CARTESIAN_POINT('',(20.2000015050173,3.,-94.6));
#4021=CARTESIAN_POINT('',(40.6000015050173,3.,-94.6));
#4022=CARTESIAN_POINT('',(20.2000015050173,13.,-94.6));
#4023=CARTESIAN_POINT('',(40.6000015050173,13.,-94.6));
#4024=CARTESIAN_POINT('',(20.2000015050173,0.,-94.6));
#4025=CARTESIAN_POINT('Origin',(20.2000015050173,0.,-80.2));
#4026=CARTESIAN_POINT('',(20.2000015050173,3.,-80.2));
#4027=CARTESIAN_POINT('',(20.2000015050173,3.,-94.6));
#4028=CARTESIAN_POINT('',(20.2000015050173,13.,-80.2));
#4029=CARTESIAN_POINT('',(20.2000015050173,13.,-94.6));
#4030=CARTESIAN_POINT('',(20.2000015050173,0.,-80.2));
#4031=CARTESIAN_POINT('Origin',(4.44089209850063E-15,0.,-80.2));
#4032=CARTESIAN_POINT('',(4.44089209850063E-15,3.,-80.2));
#4033=CARTESIAN_POINT('',(20.2000015050173,3.,-80.2));
#4034=CARTESIAN_POINT('',(4.44089209850063E-15,13.,-80.2));
#4035=CARTESIAN_POINT('',(20.2000015050173,13.,-80.2));
#4036=CARTESIAN_POINT('',(4.44089209850063E-15,0.,-80.2));
#4037=CARTESIAN_POINT('Origin',(0.,0.,0.));
#4038=CARTESIAN_POINT('',(0.,3.,0.));
#4039=CARTESIAN_POINT('',(0.,13.,0.));
#4040=CARTESIAN_POINT('Origin',(-9.00000000000006,0.,-83.2));
#4041=CARTESIAN_POINT('',(-9.00000000000006,13.,5.71714616422284));
#4042=CARTESIAN_POINT('Origin',(38.5440932121492,0.,-100.062928987092));
#4043=CARTESIAN_POINT('',(38.5440932121492,13.,-100.062928987092));
#4044=CARTESIAN_POINT('',(38.5440932121492,13.,-100.062928987092));
#4045=CARTESIAN_POINT('',(38.5440932121492,0.,-100.062928987092));
#4046=CARTESIAN_POINT('Origin',(38.5440932121492,0.,-115.75482123897));
#4047=CARTESIAN_POINT('',(38.5440932121492,13.,-115.75482123897));
#4048=CARTESIAN_POINT('Origin',(64.7753160809597,0.,-100.062928987092));
#4049=CARTESIAN_POINT('',(64.7753160809597,13.,-100.062928987092));
#4050=CARTESIAN_POINT('Origin',(87.4934287441257,0.,-83.2));
#4051=CARTESIAN_POINT('',(87.4934287441257,13.,-83.2));
#4052=CARTESIAN_POINT('',(87.4934287441257,13.,-83.2));
#4053=CARTESIAN_POINT('',(87.4934287441257,0.,-83.2));
#4054=CARTESIAN_POINT('Origin',(131.487459787661,0.,-83.1999999999999));
#4055=CARTESIAN_POINT('',(131.487459787661,13.,-83.1999999999999));
#4056=CARTESIAN_POINT('',(131.487459787661,13.,-83.1999999999999));
#4057=CARTESIAN_POINT('Origin',(122.992824682286,0.,-11.4431607817407));
#4058=CARTESIAN_POINT('',(122.992824682286,13.,-11.4431607817407));
#4059=CARTESIAN_POINT('Origin',(103.27471201912,0.,-2.77748894115152));
#4060=CARTESIAN_POINT('',(103.27471201912,13.,-2.77748894115152));
#4061=CARTESIAN_POINT('',(103.27471201912,13.,-2.77748894115152));
#4062=CARTESIAN_POINT('',(103.27471201912,0.,-2.77748894115152));
#4063=CARTESIAN_POINT('Origin',(103.27471201912,0.,5.71714616422286));
#4064=CARTESIAN_POINT('',(103.27471201912,13.,5.71714616422286));
#4065=CARTESIAN_POINT('Origin',(76.0434873878792,0.,-10.9747460876548));
#4066=CARTESIAN_POINT('',(76.0434873878792,13.,-10.9747460876548));
#4067=CARTESIAN_POINT('Origin',(56.1543379894983,0.,-23.6666383395324));
#4068=CARTESIAN_POINT('',(56.1543379894983,13.,-23.6666383395324));
#4069=CARTESIAN_POINT('',(56.1543379894983,13.,-23.6666383395324));
#4070=CARTESIAN_POINT('',(56.1543379894983,0.,-23.6666383395324));
#4071=CARTESIAN_POINT('Origin',(45.1203722671912,0.,-23.6666383395324));
#4072=CARTESIAN_POINT('',(45.1203722671912,13.,-23.6666383395324));
#4073=CARTESIAN_POINT('Origin',(26.4022596040251,0.,-10.9747460876548));
#4074=CARTESIAN_POINT('',(26.4022596040251,13.,-10.9747460876548));
#4075=CARTESIAN_POINT('',(26.4022596040251,13.,-10.9747460876548));
#4076=CARTESIAN_POINT('',(26.4022596040251,0.,-10.9747460876548));
#4077=CARTESIAN_POINT('Origin',(26.4022596040251,0.,5.71714616422286));
#4078=CARTESIAN_POINT('',(26.4022596040251,13.,5.71714616422286));
#4079=CARTESIAN_POINT('Origin',(61.2437298938303,13.,-55.0188375373736));
#4080=CARTESIAN_POINT('Origin',(63.4000007525086,3.,-54.));
#4081=CARTESIAN_POINT('Origin',(163.512540212339,0.,-78.1999999999999));
#4082=CARTESIAN_POINT('',(158.512540212339,13.,-78.1999999999999));
#4083=CARTESIAN_POINT('',(163.512540212339,13.,-83.1999999999999));
#4084=CARTESIAN_POINT('Origin',(163.512540212339,13.,-78.1999999999999));
#4085=CARTESIAN_POINT('',(163.512540212339,0.,-83.1999999999999));
#4086=CARTESIAN_POINT('',(163.512540212339,0.,-83.1999999999999));
#4087=CARTESIAN_POINT('',(158.512540212339,0.,-78.1999999999999));
#4088=CARTESIAN_POINT('Origin',(163.512540212339,0.,-78.1999999999999));
#4089=CARTESIAN_POINT('',(158.512540212339,0.,-78.1999999999999));
#4090=CARTESIAN_POINT('Origin',(158.512540212339,0.,-11.4431607817407));
#4091=CARTESIAN_POINT('',(158.512540212339,0.,-16.4431607817407));
#4092=CARTESIAN_POINT('',(158.512540212339,0.,-11.4431607817407));
#4093=CARTESIAN_POINT('',(158.512540212339,13.,-16.4431607817407));
#4094=CARTESIAN_POINT('',(158.512540212339,0.,-16.4431607817407));
#4095=CARTESIAN_POINT('',(158.512540212339,13.,-11.4431607817407));
#4096=CARTESIAN_POINT('Origin',(226.599999247491,0.,-54.));
#4097=CARTESIAN_POINT('',(202.506571255874,0.,-83.2));
#4098=CARTESIAN_POINT('',(158.512540212339,0.,-83.1999999999999));
#4099=CARTESIAN_POINT('',(202.506571255874,0.,-95.0629289870923));
#4100=CARTESIAN_POINT('',(202.506571255874,0.,-83.2));
#4101=CARTESIAN_POINT('',(207.506571255874,0.,-100.062928987092));
#4102=CARTESIAN_POINT('Origin',(207.506571255874,0.,-95.0629289870923));
#4103=CARTESIAN_POINT('',(225.22468391904,0.,-100.062928987092));
#4104=CARTESIAN_POINT('',(202.506571255874,0.,-100.062928987092));
#4105=CARTESIAN_POINT('',(225.22468391904,0.,-110.75482123897));
#4106=CARTESIAN_POINT('',(225.22468391904,0.,-100.062928987092));
#4107=CARTESIAN_POINT('',(230.22468391904,0.,-115.75482123897));
#4108=CARTESIAN_POINT('Origin',(230.22468391904,0.,-110.75482123897));
#4109=CARTESIAN_POINT('',(246.455906787851,0.,-115.75482123897));
#4110=CARTESIAN_POINT('',(225.22468391904,0.,-115.75482123897));
#4111=CARTESIAN_POINT('',(251.455906787851,0.,-110.75482123897));
#4112=CARTESIAN_POINT('Origin',(246.455906787851,0.,-110.75482123897));
#4113=CARTESIAN_POINT('',(251.455906787851,0.,-100.062928987092));
#4114=CARTESIAN_POINT('',(251.455906787851,0.,-115.75482123897));
#4115=CARTESIAN_POINT('',(270.345056186232,0.,-100.062928987092));
#4116=CARTESIAN_POINT('',(251.455906787851,0.,-100.062928987092));
#4117=CARTESIAN_POINT('',(275.345056186232,0.,-95.0629289870924));
#4118=CARTESIAN_POINT('Origin',(270.345056186232,0.,-95.0629289870924));
#4119=CARTESIAN_POINT('',(275.345056186232,0.,-83.2));
#4120=CARTESIAN_POINT('',(275.345056186232,0.,-100.062928987092));
#4121=CARTESIAN_POINT('',(294.,0.,-83.2));
#4122=CARTESIAN_POINT('',(275.345056186232,0.,-83.2));
#4123=CARTESIAN_POINT('',(299.,0.,-78.2));
#4124=CARTESIAN_POINT('Origin',(294.,0.,-78.2));
#4125=CARTESIAN_POINT('',(299.,0.,0.717146164222841));
#4126=CARTESIAN_POINT('',(299.,0.,5.71714616422284));
#4127=CARTESIAN_POINT('',(294.,0.,5.71714616422284));
#4128=CARTESIAN_POINT('Origin',(294.,0.,0.717146164222841));
#4129=CARTESIAN_POINT('',(268.597740395975,0.,5.71714616422286));
#4130=CARTESIAN_POINT('',(299.,0.,5.71714616422284));
#4131=CARTESIAN_POINT('',(263.597740395975,0.,0.71714616422286));
#4132=CARTESIAN_POINT('Origin',(268.597740395975,0.,0.71714616422286));
#4133=CARTESIAN_POINT('',(263.597740395975,0.,-10.9747460876548));
#4134=CARTESIAN_POINT('',(263.597740395975,0.,5.71714616422286));
#4135=CARTESIAN_POINT('',(249.879627732809,0.,-10.9747460876548));
#4136=CARTESIAN_POINT('',(263.597740395975,0.,-10.9747460876548));
#4137=CARTESIAN_POINT('',(244.879627732809,0.,-15.9747460876548));
#4138=CARTESIAN_POINT('Origin',(249.879627732809,0.,-15.9747460876548));
#4139=CARTESIAN_POINT('',(244.879627732809,0.,-23.6666383395324));
#4140=CARTESIAN_POINT('',(244.879627732809,0.,-10.9747460876548));
#4141=CARTESIAN_POINT('',(233.845662010502,0.,-23.6666383395324));
#4142=CARTESIAN_POINT('',(244.879627732809,0.,-23.6666383395324));
#4143=CARTESIAN_POINT('',(233.845662010502,0.,-15.9747460876548));
#4144=CARTESIAN_POINT('',(233.845662010502,0.,-23.6666383395324));
#4145=CARTESIAN_POINT('',(228.845662010502,0.,-10.9747460876548));
#4146=CARTESIAN_POINT('Origin',(228.845662010502,0.,-15.9747460876548));
#4147=CARTESIAN_POINT('',(213.956512612121,0.,-10.9747460876548));
#4148=CARTESIAN_POINT('',(233.845662010502,0.,-10.9747460876548));
#4149=CARTESIAN_POINT('',(213.956512612121,0.,0.717146164222835));
#4150=CARTESIAN_POINT('',(213.956512612121,0.,-10.9747460876548));
#4151=CARTESIAN_POINT('',(208.956512612121,0.,5.71714616422284));
#4152=CARTESIAN_POINT('Origin',(208.956512612121,0.,0.717146164222835));
#4153=CARTESIAN_POINT('',(191.72528798088,0.,5.71714616422286));
#4154=CARTESIAN_POINT('',(213.956512612121,0.,5.71714616422283));
#4155=CARTESIAN_POINT('',(186.72528798088,0.,0.717146164222855));
#4156=CARTESIAN_POINT('Origin',(191.72528798088,0.,0.717146164222855));
#4157=CARTESIAN_POINT('',(186.72528798088,0.,-2.77748894115152));
#4158=CARTESIAN_POINT('',(186.72528798088,0.,5.71714616422286));
#4159=CARTESIAN_POINT('',(172.007175317714,0.,-2.77748894115152));
#4160=CARTESIAN_POINT('',(186.72528798088,0.,-2.77748894115152));
#4161=CARTESIAN_POINT('',(167.007175317714,0.,-7.77748894115152));
#4162=CARTESIAN_POINT('Origin',(172.007175317714,0.,-7.77748894115152));
#4163=CARTESIAN_POINT('',(167.007175317714,0.,-11.4431607817407));
#4164=CARTESIAN_POINT('',(167.007175317714,0.,-2.77748894115152));
#4165=CARTESIAN_POINT('',(163.512540212339,0.,-11.4431607817407));
#4166=CARTESIAN_POINT('',(167.007175317714,0.,-11.4431607817407));
#4167=CARTESIAN_POINT('Origin',(163.512540212339,0.,-16.4431607817407));
#4168=CARTESIAN_POINT('Origin',(207.506571255874,0.,-95.0629289870923));
#4169=CARTESIAN_POINT('',(202.506571255874,13.,-95.0629289870923));
#4170=CARTESIAN_POINT('',(207.506571255874,13.,-100.062928987092));
#4171=CARTESIAN_POINT('Origin',(207.506571255874,13.,-95.0629289870923));
#4172=CARTESIAN_POINT('',(207.506571255874,0.,-100.062928987092));
#4173=CARTESIAN_POINT('',(202.506571255874,0.,-95.0629289870923));
#4174=CARTESIAN_POINT('Origin',(202.506571255874,0.,-83.2));
#4175=CARTESIAN_POINT('',(202.506571255874,13.,-83.2));
#4176=CARTESIAN_POINT('',(202.506571255874,0.,-83.2));
#4177=CARTESIAN_POINT('',(202.506571255874,13.,-83.2));
#4178=CARTESIAN_POINT('Origin',(230.22468391904,0.,-110.75482123897));
#4179=CARTESIAN_POINT('',(225.22468391904,13.,-110.75482123897));
#4180=CARTESIAN_POINT('',(230.22468391904,13.,-115.75482123897));
#4181=CARTESIAN_POINT('Origin',(230.22468391904,13.,-110.75482123897));
#4182=CARTESIAN_POINT('',(230.22468391904,0.,-115.75482123897));
#4183=CARTESIAN_POINT('',(225.22468391904,0.,-110.75482123897));
#4184=CARTESIAN_POINT('Origin',(225.22468391904,0.,-115.75482123897));
#4185=CARTESIAN_POINT('',(246.455906787851,13.,-115.75482123897));
#4186=CARTESIAN_POINT('',(225.22468391904,13.,-115.75482123897));
#4187=CARTESIAN_POINT('',(246.455906787851,0.,-115.75482123897));
#4188=CARTESIAN_POINT('Origin',(246.455906787851,0.,-110.75482123897));
#4189=CARTESIAN_POINT('',(251.455906787851,13.,-110.75482123897));
#4190=CARTESIAN_POINT('Origin',(246.455906787851,13.,-110.75482123897));
#4191=CARTESIAN_POINT('',(251.455906787851,0.,-110.75482123897));
#4192=CARTESIAN_POINT('Origin',(270.345056186232,0.,-95.0629289870924));
#4193=CARTESIAN_POINT('',(270.345056186232,13.,-100.062928987092));
#4194=CARTESIAN_POINT('',(275.345056186232,13.,-95.0629289870924));
#4195=CARTESIAN_POINT('Origin',(270.345056186232,13.,-95.0629289870924));
#4196=CARTESIAN_POINT('',(275.345056186232,0.,-95.0629289870924));
#4197=CARTESIAN_POINT('',(270.345056186232,0.,-100.062928987092));
#4198=CARTESIAN_POINT('Origin',(251.455906787851,0.,-100.062928987092));
#4199=CARTESIAN_POINT('',(251.455906787851,13.,-100.062928987092));
#4200=CARTESIAN_POINT('',(251.455906787851,0.,-100.062928987092));
#4201=CARTESIAN_POINT('',(251.455906787851,13.,-100.062928987092));
#4202=CARTESIAN_POINT('Origin',(294.,0.,-78.2));
#4203=CARTESIAN_POINT('',(294.,13.,-83.2));
#4204=CARTESIAN_POINT('',(299.,13.,-78.2));
#4205=CARTESIAN_POINT('Origin',(294.,13.,-78.2));
#4206=CARTESIAN_POINT('',(299.,0.,-78.2));
#4207=CARTESIAN_POINT('',(294.,0.,-83.2));
#4208=CARTESIAN_POINT('Origin',(275.345056186232,0.,-83.2));
#4209=CARTESIAN_POINT('',(275.345056186232,13.,-83.2));
#4210=CARTESIAN_POINT('',(275.345056186232,0.,-83.2));
#4211=CARTESIAN_POINT('',(275.345056186232,13.,-83.2));
#4212=CARTESIAN_POINT('Origin',(163.512540212339,0.,-16.4431607817407));
#4213=CARTESIAN_POINT('',(163.512540212339,13.,-11.4431607817407));
#4214=CARTESIAN_POINT('Origin',(163.512540212339,13.,-16.4431607817407));
#4215=CARTESIAN_POINT('',(163.512540212339,0.,-11.4431607817407));
#4216=CARTESIAN_POINT('Origin',(167.007175317714,0.,-11.4431607817407));
#4217=CARTESIAN_POINT('',(167.007175317714,13.,-11.4431607817407));
#4218=CARTESIAN_POINT('',(167.007175317714,0.,-11.4431607817407));
#4219=CARTESIAN_POINT('',(167.007175317714,13.,-11.4431607817407));
#4220=CARTESIAN_POINT('Origin',(172.007175317714,0.,-7.77748894115152));
#4221=CARTESIAN_POINT('',(172.007175317714,13.,-2.77748894115152));
#4222=CARTESIAN_POINT('',(167.007175317714,13.,-7.77748894115152));
#4223=CARTESIAN_POINT('Origin',(172.007175317714,13.,-7.77748894115152));
#4224=CARTESIAN_POINT('',(167.007175317714,0.,-7.77748894115152));
#4225=CARTESIAN_POINT('',(172.007175317714,0.,-2.77748894115152));
#4226=CARTESIAN_POINT('Origin',(186.72528798088,0.,-2.77748894115152));
#4227=CARTESIAN_POINT('',(186.72528798088,13.,-2.77748894115152));
#4228=CARTESIAN_POINT('',(186.72528798088,0.,-2.77748894115152));
#4229=CARTESIAN_POINT('',(186.72528798088,13.,-2.77748894115152));
#4230=CARTESIAN_POINT('Origin',(191.72528798088,0.,0.717146164222855));
#4231=CARTESIAN_POINT('',(191.72528798088,13.,5.71714616422286));
#4232=CARTESIAN_POINT('',(186.72528798088,13.,0.717146164222855));
#4233=CARTESIAN_POINT('Origin',(191.72528798088,13.,0.717146164222855));
#4234=CARTESIAN_POINT('',(186.72528798088,0.,0.717146164222855));
#4235=CARTESIAN_POINT('',(191.72528798088,0.,5.71714616422286));
#4236=CARTESIAN_POINT('Origin',(213.956512612121,0.,5.71714616422283));
#4237=CARTESIAN_POINT('',(208.956512612121,13.,5.71714616422284));
#4238=CARTESIAN_POINT('',(208.956512612121,0.,5.71714616422284));
#4239=CARTESIAN_POINT('',(213.956512612121,13.,5.71714616422283));
#4240=CARTESIAN_POINT('Origin',(208.956512612121,0.,0.717146164222835));
#4241=CARTESIAN_POINT('',(213.956512612121,13.,0.717146164222835));
#4242=CARTESIAN_POINT('Origin',(208.956512612121,13.,0.717146164222835));
#4243=CARTESIAN_POINT('',(213.956512612121,0.,0.717146164222835));
#4244=CARTESIAN_POINT('Origin',(213.956512612121,0.,-10.9747460876548));
#4245=CARTESIAN_POINT('',(213.956512612121,13.,-10.9747460876548));
#4246=CARTESIAN_POINT('',(213.956512612121,0.,-10.9747460876548));
#4247=CARTESIAN_POINT('',(213.956512612121,13.,-10.9747460876548));
#4248=CARTESIAN_POINT('Origin',(228.845662010502,0.,-15.9747460876548));
#4249=CARTESIAN_POINT('',(233.845662010502,13.,-15.9747460876548));
#4250=CARTESIAN_POINT('',(228.845662010502,13.,-10.9747460876548));
#4251=CARTESIAN_POINT('Origin',(228.845662010502,13.,-15.9747460876548));
#4252=CARTESIAN_POINT('',(228.845662010502,0.,-10.9747460876548));
#4253=CARTESIAN_POINT('',(233.845662010502,0.,-15.9747460876548));
#4254=CARTESIAN_POINT('Origin',(233.845662010502,0.,-23.6666383395324));
#4255=CARTESIAN_POINT('',(233.845662010502,13.,-23.6666383395324));
#4256=CARTESIAN_POINT('',(233.845662010502,0.,-23.6666383395324));
#4257=CARTESIAN_POINT('',(233.845662010502,13.,-23.6666383395324));
#4258=CARTESIAN_POINT('Origin',(249.879627732809,0.,-15.9747460876548));
#4259=CARTESIAN_POINT('',(249.879627732809,13.,-10.9747460876548));
#4260=CARTESIAN_POINT('',(244.879627732809,13.,-15.9747460876548));
#4261=CARTESIAN_POINT('Origin',(249.879627732809,13.,-15.9747460876548));
#4262=CARTESIAN_POINT('',(244.879627732809,0.,-15.9747460876548));
#4263=CARTESIAN_POINT('',(249.879627732809,0.,-10.9747460876548));
#4264=CARTESIAN_POINT('Origin',(263.597740395975,0.,-10.9747460876548));
#4265=CARTESIAN_POINT('',(263.597740395975,13.,-10.9747460876548));
#4266=CARTESIAN_POINT('',(263.597740395975,0.,-10.9747460876548));
#4267=CARTESIAN_POINT('',(263.597740395975,13.,-10.9747460876548));
#4268=CARTESIAN_POINT('Origin',(268.597740395975,0.,0.71714616422286));
#4269=CARTESIAN_POINT('',(268.597740395975,13.,5.71714616422286));
#4270=CARTESIAN_POINT('',(263.597740395975,13.,0.71714616422286));
#4271=CARTESIAN_POINT('Origin',(268.597740395975,13.,0.71714616422286));
#4272=CARTESIAN_POINT('',(263.597740395975,0.,0.71714616422286));
#4273=CARTESIAN_POINT('',(268.597740395975,0.,5.71714616422286));
#4274=CARTESIAN_POINT('Origin',(299.,0.,5.71714616422284));
#4275=CARTESIAN_POINT('',(294.,13.,5.71714616422284));
#4276=CARTESIAN_POINT('',(294.,0.,5.71714616422284));
#4277=CARTESIAN_POINT('',(299.,13.,5.71714616422284));
#4278=CARTESIAN_POINT('Origin',(294.,0.,0.717146164222841));
#4279=CARTESIAN_POINT('',(299.,13.,0.717146164222841));
#4280=CARTESIAN_POINT('Origin',(294.,13.,0.717146164222841));
#4281=CARTESIAN_POINT('',(299.,0.,0.717146164222841));
#4282=CARTESIAN_POINT('Origin',(165.012540212339,8.,-83.2));
#4283=CARTESIAN_POINT('',(175.012540212339,8.,-80.2));
#4284=CARTESIAN_POINT('',(165.012540212339,8.,-80.2));
#4285=CARTESIAN_POINT('',(186.306269353661,8.,-80.2));
#4286=CARTESIAN_POINT('',(175.012540212339,8.,-83.2));
#4287=CARTESIAN_POINT('',(175.012540212339,8.,-83.2));
#4288=CARTESIAN_POINT('',(165.012540212339,8.,-83.2));
#4289=CARTESIAN_POINT('',(161.762540212339,8.,-83.1999999999999));
#4290=CARTESIAN_POINT('',(165.012540212339,8.,-83.2));
#4291=CARTESIAN_POINT('Origin',(165.012540212339,13.,-83.2));
#4292=CARTESIAN_POINT('',(165.012540212339,13.,-80.2));
#4293=CARTESIAN_POINT('',(165.012540212339,6.5,-80.2));
#4294=CARTESIAN_POINT('',(165.012540212339,13.,-83.2));
#4295=CARTESIAN_POINT('',(165.012540212339,6.5,-83.1999999999999));
#4296=CARTESIAN_POINT('',(165.012540212339,13.,-69.1094187686868));
#4297=CARTESIAN_POINT('Origin',(175.012540212339,8.,-83.2));
#4298=CARTESIAN_POINT('',(175.012540212339,13.,-80.2));
#4299=CARTESIAN_POINT('',(175.012540212339,4.,-80.2));
#4300=CARTESIAN_POINT('',(175.012540212339,13.,-83.2));
#4301=CARTESIAN_POINT('',(175.012540212339,13.,-69.1094187686868));
#4302=CARTESIAN_POINT('',(175.012540212339,4.,-83.2));
#4303=CARTESIAN_POINT('Origin',(207.599998494983,0.,-80.2));
#4304=CARTESIAN_POINT('',(163.199998494983,13.,-80.2));
#4305=CARTESIAN_POINT('',(163.199998494983,13.,-80.2));
#4306=CARTESIAN_POINT('',(163.199998494983,3.,-80.2));
#4307=CARTESIAN_POINT('',(163.199998494983,0.,-80.2));
#4308=CARTESIAN_POINT('',(207.599998494983,3.,-80.2));
#4309=CARTESIAN_POINT('',(163.199998494983,3.,-80.2));
#4310=CARTESIAN_POINT('',(207.599998494983,13.,-80.2));
#4311=CARTESIAN_POINT('',(207.599998494983,0.,-80.2));
#4312=CARTESIAN_POINT('',(163.199998494983,13.,-80.2));
#4313=CARTESIAN_POINT('Origin',(169.599998494983,0.,-13.8));
#4314=CARTESIAN_POINT('',(169.599998494983,3.,-6.4));
#4315=CARTESIAN_POINT('',(169.599998494983,3.,-13.8));
#4316=CARTESIAN_POINT('',(169.599998494983,3.,-6.4));
#4317=CARTESIAN_POINT('',(169.599998494983,13.,-13.8));
#4318=CARTESIAN_POINT('',(169.599998494983,0.,-13.8));
#4319=CARTESIAN_POINT('',(169.599998494983,13.,-6.4));
#4320=CARTESIAN_POINT('',(169.599998494983,13.,-6.4));
#4321=CARTESIAN_POINT('',(169.599998494983,0.,-6.4));
#4322=CARTESIAN_POINT('Origin',(169.599998494983,0.,-6.4));
#4323=CARTESIAN_POINT('',(188.999998494983,3.,-6.4));
#4324=CARTESIAN_POINT('',(188.999998494983,3.,-6.4));
#4325=CARTESIAN_POINT('',(188.999998494983,13.,-6.4));
#4326=CARTESIAN_POINT('',(188.999998494983,13.,-6.4));
#4327=CARTESIAN_POINT('',(188.999998494983,0.,-6.4));
#4328=CARTESIAN_POINT('Origin',(188.999998494983,0.,-6.4));
#4329=CARTESIAN_POINT('',(188.999998494983,3.,0.));
#4330=CARTESIAN_POINT('',(188.999998494983,3.,0.));
#4331=CARTESIAN_POINT('',(188.999998494983,13.,0.));
#4332=CARTESIAN_POINT('',(188.999998494983,13.,0.));
#4333=CARTESIAN_POINT('',(188.999998494983,0.,0.));
#4334=CARTESIAN_POINT('Origin',(188.999998494983,0.,0.));
#4335=CARTESIAN_POINT('',(211.4,3.,0.));
#4336=CARTESIAN_POINT('',(211.4,3.,0.));
#4337=CARTESIAN_POINT('',(211.4,13.,0.));
#4338=CARTESIAN_POINT('',(211.4,13.,0.));
#4339=CARTESIAN_POINT('',(211.4,0.,0.));
#4340=CARTESIAN_POINT('Origin',(211.4,0.,0.));
#4341=CARTESIAN_POINT('',(211.4,3.,-13.4));
#4342=CARTESIAN_POINT('',(211.4,3.,-13.4));
#4343=CARTESIAN_POINT('',(211.4,13.,-13.4));
#4344=CARTESIAN_POINT('',(211.4,13.,-13.4));
#4345=CARTESIAN_POINT('',(211.4,0.,-13.4));
#4346=CARTESIAN_POINT('Origin',(211.4,0.,-13.4));
#4347=CARTESIAN_POINT('',(231.8,3.,-13.4));
#4348=CARTESIAN_POINT('',(231.8,3.,-13.4));
#4349=CARTESIAN_POINT('',(231.8,13.,-13.4));
#4350=CARTESIAN_POINT('',(231.8,13.,-13.4));
#4351=CARTESIAN_POINT('',(231.8,0.,-13.4));
#4352=CARTESIAN_POINT('Origin',(231.8,0.,-13.4));
#4353=CARTESIAN_POINT('',(231.8,3.,-26.8));
#4354=CARTESIAN_POINT('',(231.8,3.,-26.8));
#4355=CARTESIAN_POINT('',(231.8,13.,-26.8));
#4356=CARTESIAN_POINT('',(231.8,13.,-26.8));
#4357=CARTESIAN_POINT('',(231.8,0.,-26.8));
#4358=CARTESIAN_POINT('Origin',(231.8,0.,-26.8));
#4359=CARTESIAN_POINT('',(247.2,3.,-26.8));
#4360=CARTESIAN_POINT('',(247.2,3.,-26.8));
#4361=CARTESIAN_POINT('',(247.2,13.,-26.8));
#4362=CARTESIAN_POINT('',(247.2,13.,-26.8));
#4363=CARTESIAN_POINT('',(247.2,0.,-26.8));
#4364=CARTESIAN_POINT('Origin',(247.2,0.,-26.8));
#4365=CARTESIAN_POINT('',(247.2,3.,-13.4));
#4366=CARTESIAN_POINT('',(247.2,3.,-13.4));
#4367=CARTESIAN_POINT('',(247.2,13.,-13.4));
#4368=CARTESIAN_POINT('',(247.2,13.,-13.4));
#4369=CARTESIAN_POINT('',(247.2,0.,-13.4));
#4370=CARTESIAN_POINT('Origin',(247.2,0.,-13.4));
#4371=CARTESIAN_POINT('',(266.6,3.,-13.4));
#4372=CARTESIAN_POINT('',(266.6,3.,-13.4));
#4373=CARTESIAN_POINT('',(266.6,13.,-13.4));
#4374=CARTESIAN_POINT('',(266.6,13.,-13.4));
#4375=CARTESIAN_POINT('',(266.6,0.,-13.4));
#4376=CARTESIAN_POINT('Origin',(266.6,0.,-13.4));
#4377=CARTESIAN_POINT('',(266.6,3.,0.));
#4378=CARTESIAN_POINT('',(266.6,3.,0.));
#4379=CARTESIAN_POINT('',(266.6,13.,0.));
#4380=CARTESIAN_POINT('',(266.6,13.,0.));
#4381=CARTESIAN_POINT('',(266.6,0.,0.));
#4382=CARTESIAN_POINT('Origin',(266.6,0.,0.));
#4383=CARTESIAN_POINT('',(290.,3.,0.));
#4384=CARTESIAN_POINT('',(290.,3.,0.));
#4385=CARTESIAN_POINT('',(290.,13.,0.));
#4386=CARTESIAN_POINT('',(290.,13.,0.));
#4387=CARTESIAN_POINT('',(290.,0.,0.));
#4388=CARTESIAN_POINT('Origin',(163.199998494983,0.,-13.8));
#4389=CARTESIAN_POINT('',(163.199998494983,3.,-13.8));
#4390=CARTESIAN_POINT('',(169.599998494983,3.,-13.8));
#4391=CARTESIAN_POINT('',(163.199998494983,13.,-13.8));
#4392=CARTESIAN_POINT('',(163.199998494983,0.,-13.8));
#4393=CARTESIAN_POINT('',(169.599998494983,13.,-13.8));
#4394=CARTESIAN_POINT('Origin',(163.199998494983,0.,-80.2));
#4395=CARTESIAN_POINT('',(163.199998494983,3.,-13.8));
#4396=CARTESIAN_POINT('',(163.199998494983,13.,-13.8));
#4397=CARTESIAN_POINT('Origin',(207.599998494983,0.,-94.6));
#4398=CARTESIAN_POINT('',(207.599998494983,3.,-94.6));
#4399=CARTESIAN_POINT('',(207.599998494983,3.,-80.2));
#4400=CARTESIAN_POINT('',(207.599998494983,13.,-94.6));
#4401=CARTESIAN_POINT('',(207.599998494983,0.,-94.6));
#4402=CARTESIAN_POINT('',(207.599998494983,13.,-80.2));
#4403=CARTESIAN_POINT('Origin',(226.999998494983,0.,-94.6));
#4404=CARTESIAN_POINT('',(226.999998494983,3.,-94.6));
#4405=CARTESIAN_POINT('',(207.599998494983,3.,-94.6));
#4406=CARTESIAN_POINT('',(226.999998494983,13.,-94.6));
#4407=CARTESIAN_POINT('',(226.999998494983,0.,-94.6));
#4408=CARTESIAN_POINT('',(207.599998494983,13.,-94.6));
#4409=CARTESIAN_POINT('Origin',(226.999998494983,0.,-108.));
#4410=CARTESIAN_POINT('',(226.999998494983,3.,-108.));
#4411=CARTESIAN_POINT('',(226.999998494983,3.,-94.6));
#4412=CARTESIAN_POINT('',(226.999998494983,13.,-108.));
#4413=CARTESIAN_POINT('',(226.999998494983,0.,-108.));
#4414=CARTESIAN_POINT('',(226.999998494983,13.,-94.6));
#4415=CARTESIAN_POINT('Origin',(249.399998494983,0.,-108.));
#4416=CARTESIAN_POINT('',(249.399998494983,3.,-108.));
#4417=CARTESIAN_POINT('',(226.999998494983,3.,-108.));
#4418=CARTESIAN_POINT('',(249.399998494983,13.,-108.));
#4419=CARTESIAN_POINT('',(249.399998494983,0.,-108.));
#4420=CARTESIAN_POINT('',(226.999998494983,13.,-108.));
#4421=CARTESIAN_POINT('Origin',(249.399998494983,0.,-94.6));
#4422=CARTESIAN_POINT('',(249.399998494983,3.,-94.6));
#4423=CARTESIAN_POINT('',(249.399998494983,3.,-108.));
#4424=CARTESIAN_POINT('',(249.399998494983,13.,-94.6));
#4425=CARTESIAN_POINT('',(249.399998494983,0.,-94.6));
#4426=CARTESIAN_POINT('',(249.399998494983,13.,-108.));
#4427=CARTESIAN_POINT('Origin',(269.799998494983,0.,-94.6));
#4428=CARTESIAN_POINT('',(269.799998494983,3.,-94.6));
#4429=CARTESIAN_POINT('',(249.399998494983,3.,-94.6));
#4430=CARTESIAN_POINT('',(269.799998494983,13.,-94.6));
#4431=CARTESIAN_POINT('',(269.799998494983,0.,-94.6));
#4432=CARTESIAN_POINT('',(249.399998494983,13.,-94.6));
#4433=CARTESIAN_POINT('Origin',(269.799998494983,0.,-80.2));
#4434=CARTESIAN_POINT('',(269.799998494983,3.,-80.2));
#4435=CARTESIAN_POINT('',(269.799998494983,3.,-94.6));
#4436=CARTESIAN_POINT('',(269.799998494983,13.,-80.2));
#4437=CARTESIAN_POINT('',(269.799998494983,0.,-80.2));
#4438=CARTESIAN_POINT('',(269.799998494983,13.,-94.6));
#4439=CARTESIAN_POINT('Origin',(290.,0.,-80.2));
#4440=CARTESIAN_POINT('',(290.,3.,-80.2));
#4441=CARTESIAN_POINT('',(269.799998494983,3.,-80.2));
#4442=CARTESIAN_POINT('',(290.,13.,-80.2));
#4443=CARTESIAN_POINT('',(290.,0.,-80.2));
#4444=CARTESIAN_POINT('',(269.799998494983,13.,-80.2));
#4445=CARTESIAN_POINT('Origin',(290.,0.,0.));
#4446=CARTESIAN_POINT('',(290.,3.,0.));
#4447=CARTESIAN_POINT('',(290.,13.,0.));
#4448=CARTESIAN_POINT('Origin',(299.,0.,-83.2));
#4449=CARTESIAN_POINT('',(299.,13.,5.71714616422284));
#4450=CARTESIAN_POINT('Origin',(275.345056186232,0.,-100.062928987092));
#4451=CARTESIAN_POINT('',(275.345056186232,13.,-100.062928987092));
#4452=CARTESIAN_POINT('Origin',(251.455906787851,0.,-115.75482123897));
#4453=CARTESIAN_POINT('',(251.455906787851,13.,-115.75482123897));
#4454=CARTESIAN_POINT('Origin',(225.22468391904,0.,-100.062928987092));
#4455=CARTESIAN_POINT('',(225.22468391904,13.,-100.062928987092));
#4456=CARTESIAN_POINT('',(225.22468391904,0.,-100.062928987092));
#4457=CARTESIAN_POINT('',(225.22468391904,13.,-100.062928987092));
#4458=CARTESIAN_POINT('Origin',(202.506571255874,0.,-100.062928987092));
#4459=CARTESIAN_POINT('',(202.506571255874,13.,-100.062928987092));
#4460=CARTESIAN_POINT('Origin',(158.512540212339,0.,-83.1999999999999));
#4461=CARTESIAN_POINT('',(158.512540212339,13.,-83.1999999999999));
#4462=CARTESIAN_POINT('',(158.512540212339,13.,-83.1999999999999));
#4463=CARTESIAN_POINT('Origin',(167.007175317714,0.,-2.77748894115152));
#4464=CARTESIAN_POINT('',(167.007175317714,13.,-2.77748894115152));
#4465=CARTESIAN_POINT('Origin',(186.72528798088,0.,5.71714616422286));
#4466=CARTESIAN_POINT('',(186.72528798088,13.,5.71714616422286));
#4467=CARTESIAN_POINT('Origin',(233.845662010502,0.,-10.9747460876548));
#4468=CARTESIAN_POINT('',(233.845662010502,13.,-10.9747460876548));
#4469=CARTESIAN_POINT('Origin',(244.879627732809,0.,-23.6666383395324));
#4470=CARTESIAN_POINT('',(244.879627732809,13.,-23.6666383395324));
#4471=CARTESIAN_POINT('',(244.879627732809,0.,-23.6666383395324));
#4472=CARTESIAN_POINT('',(244.879627732809,13.,-23.6666383395324));
#4473=CARTESIAN_POINT('Origin',(244.879627732809,0.,-10.9747460876548));
#4474=CARTESIAN_POINT('',(244.879627732809,13.,-10.9747460876548));
#4475=CARTESIAN_POINT('Origin',(263.597740395975,0.,5.71714616422286));
#4476=CARTESIAN_POINT('',(263.597740395975,13.,5.71714616422286));
#4477=CARTESIAN_POINT('Origin',(228.75627010617,13.,-55.0188375373736));
#4478=CARTESIAN_POINT('Origin',(226.599999247491,3.,-54.));
#4479=UNCERTAINTY_MEASURE_WITH_UNIT(LENGTH_MEASURE(0.01),#4483,
'DISTANCE_ACCURACY_VALUE',
'Maximum model space distance between geometric entities at asserted c
onnectivities');
#4480=UNCERTAINTY_MEASURE_WITH_UNIT(LENGTH_MEASURE(0.01),#4483,
'DISTANCE_ACCURACY_VALUE',
'Maximum model space distance between geometric entities at asserted c
onnectivities');
#4481=(
GEOMETRIC_REPRESENTATION_CONTEXT(3)
GLOBAL_UNCERTAINTY_ASSIGNED_CONTEXT((#4479))
GLOBAL_UNIT_ASSIGNED_CONTEXT((#4483,#4485,#4486))
REPRESENTATION_CONTEXT('','3D')
);
#4482=(
GEOMETRIC_REPRESENTATION_CONTEXT(3)
GLOBAL_UNCERTAINTY_ASSIGNED_CONTEXT((#4480))
GLOBAL_UNIT_ASSIGNED_CONTEXT((#4483,#4485,#4486))
REPRESENTATION_CONTEXT('','3D')
);
#4483=(
LENGTH_UNIT()
NAMED_UNIT(*)
SI_UNIT(.MILLI.,.METRE.)
);
#4484=(
LENGTH_UNIT()
NAMED_UNIT(*)
SI_UNIT($,.METRE.)
);
#4485=(
NAMED_UNIT(*)
PLANE_ANGLE_UNIT()
SI_UNIT($,.RADIAN.)
);
#4486=(
NAMED_UNIT(*)
SI_UNIT($,.STERADIAN.)
SOLID_ANGLE_UNIT()
);
#4487=SHAPE_DEFINITION_REPRESENTATION(#4488,#4489);
#4488=PRODUCT_DEFINITION_SHAPE('',$,#4491);
#4489=SHAPE_REPRESENTATION('',(#2763),#4481);
#4490=PRODUCT_DEFINITION_CONTEXT('part definition',#4495,'design');
#4491=PRODUCT_DEFINITION('2026-06-02-19-41-16-337','Full',#4492,#4490);
#4492=PRODUCT_DEFINITION_FORMATION('',$,#4497);
#4493=PRODUCT_RELATED_PRODUCT_CATEGORY('Full','Full',(#4497));
#4494=APPLICATION_PROTOCOL_DEFINITION('international standard',
'automotive_design',2009,#4495);
#4495=APPLICATION_CONTEXT(
'Core Data for Automotive Mechanical Design Process');
#4496=PRODUCT_CONTEXT('part definition',#4495,'mechanical');
#4497=PRODUCT('2026-06-02-19-41-16-337','Full',$,(#4496));
#4498=PRESENTATION_STYLE_ASSIGNMENT((#4499));
#4499=SURFACE_STYLE_USAGE(.BOTH.,#4500);
#4500=SURFACE_SIDE_STYLE('',(#4501));
#4501=SURFACE_STYLE_FILL_AREA(#4502);
#4502=FILL_AREA_STYLE('Steel - Satin',(#4503));
#4503=FILL_AREA_STYLE_COLOUR('Steel - Satin',#4504);
#4504=COLOUR_RGB('Steel - Satin',0.627450980392157,0.627450980392157,0.627450980392157);
ENDSEC;
END-ISO-10303-21;
